어종,산지,규격,포장,수량,중량,낙찰고가,낙찰저가,평균가,year,month
(선)홍어,군산,중,S/P,6,20.0,"400,000","100,000","160,000",2021,1
(선)홍어,방어진,중,S/P,1,15.0,"200,000","200,000","200,000",2021,1
(선)홍어,속초,중,S/P,80.1,1.0,"9,000","7,000","7,900",2021,1
(선)홍어,방어진,중,S/P,992.5,1.0,"11,000","4,500","7,500",2021,1
(선)홍어,군산,중,S/P,17.1,10.0,"11,000","11,000","11,000",2021,1
(선)홍어,군산,중,kg,165.8,1.0,"7,000","5,500","6,500",2021,1
(선)홍어,부산(기장),중,S/P,158.7,1.0,"9,000","5,000","6,800",2021,1
(선)홍어,안흥,중,kg,"1,258.4",1.0,"13,000","5,000","8,500",2021,1
(선)홍어,서천,중,kg,"4,544.3",1.0,"11,000","4,000","5,600",2021,1
(선)홍어,포항,중,kg,31.3,1.0,"5,000","1,000","3,300",2021,1
(선)홍어,방어진,중,S/P,37,20.0,"180,000","30,000","105,200",2021,1
(선)홍어,목포,중,S/P,9,20.0,"121,000","100,000","111,400",2021,1
(선)홍어,군산,중,S/P,"2,511.1",1.0,"11,000","5,000","7,500",2021,1
(선)홍어,군산,중,kg,77.6,5.0,"8,500","8,500","8,500",2021,1
(선)홍어,군산,중,S/P,3,15.0,"100,000","100,000","100,000",2021,1
(선)홍어,군산,중,S/P,4,20.0,"100,000","100,000","100,000",2021,2
(선)홍어,후포,중,kg,6.8,1.0,"6,000","6,000","6,000",2021,2
(선)홍어,방어진,중,S/P,543.9,1.0,"11,000","1,000","8,000",2021,2
(선)홍어,목포,중,S/P,"1,111.6",1.0,"11,000","6,000","8,200",2021,2
(선)홍어,방어진,중,S/P,1,10.0,"100,000","100,000","100,000",2021,2
(선)홍어,군산,중,kg,131.7,1.0,"5,000","5,000","5,000",2021,2
(선)홍어,부산(기장),중,S/P,69.7,1.0,"10,500","7,500","9,400",2021,2
(선)홍어,안흥,중,kg,"3,063.8",1.0,"12,000","3,000","9,000",2021,2
(선)홍어,서천,중,kg,"4,382.3",1.0,"13,000",500,"6,700",2021,2
(선)홍어,방어진,2미,S/P,1,8.0,"80,000","80,000","80,000",2021,2
(선)홍어,포항,중,S/P,33.7,1.0,"10,000","7,000","9,200",2021,2
(선)홍어,방어진,중,S/P,7,20.0,"160,000","60,000","124,300",2021,2
(선)홍어,목포,중,S/P,51,20.0,"258,000","8,000","108,100",2021,2
(선)홍어,군산,중,S/P,"2,795",1.0,"12,000","2,000","7,200",2021,2
(선)홍어,군산,중,S/P,8,15.0,"170,000","140,000","143,800",2021,2
(선)홍어,보령,24미,S/P,1,20.0,"160,000","160,000","160,000",2021,3
(선)홍어,장항,중,S/P,4,16.0,"160,000","128,000","144,000",2021,3
(선)홍어,포항,중,S/P,62.4,1.0,"5,000","4,500","4,800",2021,3
(선)홍어,장항,중,S/P,2,10.5,"84,000","68,250","76,100",2021,3
(선)홍어,보령,중,S/P,1,21.0,"168,000","168,000","168,000",2021,3
(선)홍어,태안,중,kg,"1,072",1.0,"14,000","1,800","7,400",2021,3
(선)홍어,보령,중,S/P,750.7,1.0,"10,500","5,000","8,500",2021,3
(선)홍어,방어진,중,S/P,9,20.0,"84,000","60,000","74,200",2021,3
(선)홍어,보령,중,S/P,2,24.0,"204,000","192,000","198,000",2021,3
(선)홍어,방어진,중,kg,62.2,1.0,"8,000","6,000","7,000",2021,3
(선)홍어,목포,중,S/P,4,20.0,"200,000","200,000","200,000",2021,3
(선)홍어,군산,중,S/P,16.2,25.0,"8,500","5,000","6,900",2021,3
(선)홍어,장항,중,S/P,1,10.0,"65,000","65,000","65,000",2021,3
(선)홍어,보령,중,kg,"1,062.8",1.0,"11,500","4,500","7,200",2021,3
(선)홍어,대천,중,kg,146.7,1.0,"12,000","6,500","8,400",2021,3
(선)홍어,군산,중,S/P,"4,267.6",1.0,"12,000","4,500","6,700",2021,3
(선)홍어,군산,중,S/P,1,15.5,"130,500","130,500","130,500",2021,3
(선)홍어,태안,중,kg,24.5,10.0,"7,000","7,000","7,000",2021,3
(선)홍어,보령,28미,S/P,1,20.0,"160,000","160,000","160,000",2021,3
(선)홍어,장항,중,S/P,2,12.5,"112,500","112,500","112,500",2021,3
(선)홍어,군산,중,S/P,184,20.0,"263,000","5,000","40,000",2021,3
(선)홍어,군산,중,S/P,1,20.5,"175,500","175,500","175,500",2021,3
(선)홍어,장항,중,S/P,2,11.5,"92,000","92,000","92,000",2021,3
(선)홍어,방어진,중,S/P,"2,627.7",1.0,"11,000","4,500","6,800",2021,3
(선)홍어,방어진,2미,S/P,27.1,1.0,"7,500","4,000","5,700",2021,3
(선)홍어,보령,중,S/P,2,25.0,"212,500","200,000","206,300",2021,3
(선)홍어,목포,중,S/P,692.6,1.0,"12,000","7,000","9,300",2021,3
(선)홍어,장항,중,S/P,2,16.5,"165,000","132,000","148,500",2021,3
(선)홍어,군산,중,kg,39,1.0,"7,500","5,500","6,300",2021,3
(선)홍어,보령,중,S/P,4,22.0,"187,000","176,000","178,800",2021,3
(선)홍어,장항,중,S/P,2,18.0,"144,000","144,000","144,000",2021,3
(선)홍어,보령,중,S/P,33.1,10.0,"7,700","7,000","7,500",2021,3
(선)홍어,부산(기장),중,S/P,392.8,1.0,"8,500","4,500","6,800",2021,3
(선)홍어,안흥,중,kg,"5,420",1.0,"11,500","4,200","7,300",2021,3
(선)홍어,장항,3미,S/P,1,16.5,"132,000","132,000","132,000",2021,3
(선)홍어,서천,중,kg,9.3,1.0,"8,500","7,000","7,900",2021,3
(선)홍어,장항,중,S/P,2,9.5,"76,000","76,000","76,000",2021,3
(선)홍어,군산,중,S/P,6,15.0,"140,000","126,000","137,700",2021,3
(선)홍어,군산,중,S/P,20,20.0,"5,000","5,000","5,000",2021,4
(선)홍어,태안,대,가구,251,1.0,"6,000","4,200","4,900",2021,4
(선)홍어,부산(기장),대,S/P,12,1.0,"5,500","4,000","4,400",2021,4
(선)홍어,대천,중,kg,433.5,1.0,"9,000","2,000","7,000",2021,4
(선)홍어,보령,중,kg,137.2,1.0,"6,500","5,500","6,000",2021,4
(선)홍어,삼천포,2미,S/P,12.4,1.0,"5,500","4,500","5,100",2021,4
(선)홍어,방어진,소,S/P,31.2,1.0,"6,500","5,500","6,300",2021,4
(선)홍어,군산,중,S/P,60,2.0,"5,500","5,500","5,500",2021,4
(선)홍어,방어진,1미,S/P,7.1,1.0,"7,000","7,000","7,000",2021,4
(선)홍어,목포,중,S/P,79,20.0,"8,000","8,000","8,000",2021,4
(선)홍어,태안,중,kg,977.5,1.0,"9,000","3,000","6,900",2021,4
(선)홍어,군산,중,c/s(상자),635,1.0,"5,500","5,000","5,300",2021,4
(선)홍어,서천,중,kg,145.8,1.0,"7,000","6,500","6,900",2021,4
(선)홍어,안흥,중,kg,"12,547.8",1.0,"10,000",500,"6,300",2021,4
(선)홍어,부산(기장),중,S/P,289.7,1.0,"8,000","3,500","6,100",2021,4
(선)홍어,방어진,소,S/P,3,20.0,"70,000","56,000","60,700",2021,4
(선)홍어,보령,중,c/s(상자),407.5,1.0,"7,500","4,500","6,000",2021,4
(선)홍어,군산,중,kg,80,1.0,"5,000","5,000","5,000",2021,4
(선)홍어,목포,중,c/s(상자),54,1.0,"9,000","8,000","8,500",2021,4
(선)홍어,부산(기장),중,S/P,5.4,20.0,"8,000","8,000","8,000",2021,4
(선)홍어,방어진,대,S/P,1,20.0,"70,000","70,000","70,000",2021,4
(선)홍어,목포,중,S/P,"2,363.3",1.0,"8,500","3,000","7,300",2021,4
(선)홍어,방어진,2미,S/P,18.8,1.0,"7,000","7,000","7,000",2021,4
(선)홍어,안면도,중,kg,316.8,1.0,"8,000","3,500","5,100",2021,4
(선)홍어,방어진,중,S/P,959.4,1.0,"8,000","3,000","6,500",2021,4
(선)홍어,삼천포,5미,S/P,19.6,1.0,"3,500","3,500","3,500",2021,4
(선)홍어,후포,중,kg,31.3,1.0,"7,000","6,000","6,400",2021,4
(선)홍어,방어진,중,S/P,4,15.0,"100,000","85,000","92,500",2021,4
(선)홍어,군산,중,S/P,"5,712.3",1.0,"10,000","1,000","5,600",2021,4
(선)홍어,후포,중,kg,367.7,1.0,"10,500","5,000","7,800",2021,5
(선)홍어,목포,중,kg,54.7,1.0,"5,000","5,000","5,000",2021,5
(선)홍어,군산,중,S/P,"3,861.5",1.0,"10,000","2,500","5,500",2021,5
(선)홍어,안흥,중,S/P,2,10.0,"70,000","57,000","63,500",2021,5
(선)홍어,인천,중,S/P,538,1.0,"9,000","6,000","7,400",2021,5
(선)홍어,방어진,1미,S/P,7.8,1.0,"9,000","9,000","9,000",2021,5
(선)홍어,안흥,중,S/P,2,20.0,"8,000","8,000","8,000",2021,5
(선)홍어,방어진,중,S/P,3,20.0,"65,000","51,000","60,300",2021,5
(선)홍어,인천,대,S/P,477.9,1.0,"8,500","3,000","4,500",2021,5
(선)홍어,태안,중,kg,707.4,1.0,"11,000","2,000","5,400",2021,5
(선)홍어,안흥,중,S/P,3,5.0,"25,000","25,000","25,000",2021,5
(선)홍어,완도,중,S/P,23.8,1.0,"1,000","1,000","1,000",2021,5
(선)홍어,안흥,중,kg,"6,257.4",1.0,"12,000","1,000","6,500",2021,5
(선)홍어,격포,중,kg,50.4,1.0,"5,500","5,500","5,500",2021,5
(선)홍어,부산(기장),중,S/P,739.8,1.0,"9,000","3,000","6,600",2021,5
(선)홍어,안흥,중,S/P,"1,382.7",1.0,"11,500","2,500","6,200",2021,5
(선)홍어,안흥,중,가구,307.4,1.0,"10,500","3,500","5,600",2021,5
(선)홍어,군산,중,kg,531.9,1.0,"4,500","3,000","3,200",2021,5
(선)홍어,목포,중,S/P,"2,463.1",1.0,"10,000","3,500","7,700",2021,5
(선)홍어,부산(기장),중,S/P,11.5,2.0,"7,500","7,500","7,500",2021,5
(선)홍어,방어진,2미,S/P,18.4,1.0,"9,000","9,000","9,000",2021,5
(선)홍어,방어진,중,S/P,"3,461.9",1.0,"9,000","2,000","6,000",2021,5
(선)홍어,신안,중,S/P,97.5,1.0,"6,500","4,000","4,700",2021,5
(선)홍어,방어진,중,S/P,249.0,1.0,"7,000","4,000","6,000",2021,6
(선)홍어,목포,8미,S/P,2.0,20.0,"120,000","120,000","120,000",2021,6
(선)홍어,안흥,중,S/P,1.0,15.0,"10,000","10,000","10,000",2021,6
(선)홍어,안흥,중,kg,453.8,1.0,"11,000","4,000","6,000",2021,6
(선)홍어,서천,중,kg,89.7,1.0,"11,000","6,500","7,600",2021,6
(선)홍어,태안,중,kg,188.4,1.0,"6,500","3,000","5,000",2021,6
(선)홍어,목포,중,kg,50.8,1.0,"3,000","3,000","3,000",2021,6
(냉)홍어,안흥,중,kg,78.1,1.0,"3,500","3,500","3,500",2021,6
(선)홍어,방어진,중,S/P,55.5,1.0,"7,000","5,000","5,400",2021,7
(선)홍어,방어진,2미,S/P,126.8,1.0,"8,500","3,000","5,300",2021,7
(선)홍어,목포,중,S/P,106.5,1.0,"10,000","8,000","9,000",2021,7
(선)홍어,방어진,3미,S/P,13.6,1.0,"7,000","7,000","7,000",2021,7
(선)홍어,군산,중,kg,261,1.0,"4,500","3,500","3,700",2021,7
(선)홍어,방어진,1미,S/P,1,15.0,"100,000","100,000","100,000",2021,7
(선)홍어,방어진,2미,S/P,1,20.0,"124,000","124,000","124,000",2021,7
(선)홍어,방어진,중,S/P,5.3,2.0,"7,000","7,000","7,000",2021,7
(선)홍어,통영,중,S/P,38.2,1.0,"3,500","3,500","3,500",2021,7
(선)홍어,방어진,중,S/P,11.9,5.3,"6,500","6,500","6,500",2021,7
(선)홍어,동해시,중,kg,26.9,1.0,"3,000","3,000","3,000",2021,7
(선)홍어,방어진,중,S/P,3,20.0,"7,000","7,000","7,000",2021,7
(선)홍어,방어진,1미,S/P,87.3,1.0,"9,500","5,000","7,200",2021,7
(선)홍어,군산,중,S/P,"3,272.6",1.0,"9,000","2,000","4,900",2021,7
(냉)홍어,안흥,중,kg,143.1,1.0,"4,500","4,000","4,400",2021,7
(선)홍어,군산,중,S/P,2,20.0,"150,000","150,000","150,000",2021,8
(선)홍어,방어진,중,S/P,607.4,1.0,"12,000","5,000","9,300",2021,8
(선)홍어,목포,중,S/P,394,1.0,"10,000","7,000","8,700",2021,8
(선)홍어,죽변,중,S/P,6.8,1.0,"8,000","8,000","8,000",2021,8
(선)홍어,부산(기장),중,S/P,39.8,1.0,"9,000","4,000","6,300",2021,8
(선)홍어,방어진,중,S/P,1,20.0,"10,000","10,000","10,000",2021,8
(선)홍어,방어진,1미,S/P,11,1.0,"8,000","8,000","8,000",2021,8
(선)홍어,군산,중,S/P,"1,448.9",1.0,"10,000","4,000","6,800",2021,8
(냉)홍어,인천,중,S/P,8,25.0,"102,000","90,000","96,800",2021,8
(냉)홍어,인천,중,S/P,8,15.0,"80,000","80,000","80,000",2021,8
(선)홍어,군산,중,S/P,19,20.0,"160,000","120,000","147,400",2021,9
(선)홍어,방어진,중,S/P,"1,732.5",1.0,"12,000","6,000","8,800",2021,9
(선)홍어,방어진,대,S/P,100.5,1.0,"8,500","8,000","8,300",2021,9
(선)홍어,목포,중,S/P,120,1.0,"5,000","5,000","5,000",2021,9
(선)홍어,부산(기장),중,S/P,110.6,1.0,"11,000","5,000","8,400",2021,9
(선)홍어,안흥,중,kg,407.6,1.0,"16,500","1,000","9,700",2021,9
(선)홍어,군산,중,c/s(상자),300,1.0,"5,000","5,000","5,000",2021,9
(선)홍어,목포,중,S/P,6,20.0,"180,000","180,000","180,000",2021,9
(선)홍어,방어진,파치,S/P,79.3,1.0,"11,000","8,500","10,000",2021,9
(선)홍어,군산,중,S/P,"1,444",1.0,"13,000","5,000","8,200",2021,9
(선)홍어,목포,중,kg,162.1,1.0,"9,000","6,000","6,500",2021,9
(냉)홍어,안흥,중,kg,682.8,1.0,"10,000","3,500","6,500",2021,9
(선)홍어,군산,중,S/P,12,20.0,"150,000","38,000","65,100",2021,10
(선)홍어,방어진,파치,S/P,14.4,15.0,"11,000","10,000","10,700",2021,10
(선)홍어,부산(기장),대,S/P,26.8,1.0,"8,000","8,000","8,000",2021,10
(선)홍어,인천,중,S/P,113,1.0,"8,000","5,000","6,100",2021,10
(선)홍어,포항,대,S/P,13,1.0,"11,000","11,000","11,000",2021,10
(선)홍어,방어진,중,S/P,3,20.0,"150,000","82,000","110,000",2021,10
(선)홍어,인천,대,S/P,98.1,1.0,"6,500","5,000","5,600",2021,10
(선)홍어,태안,중,kg,21.3,1.0,"11,000","11,000","11,000",2021,10
(선)홍어,축산,2미,S/P,82.7,1.0,"5,000","5,000","5,000",2021,10
(선)홍어,안흥,중,kg,32.2,1.0,"11,000","7,000","8,400",2021,10
(선)홍어,부산(기장),중,S/P,194.1,1.0,"13,000","6,000","8,100",2021,10
(선)홍어,통영,대,S/P,96.4,1.0,"10,000","6,000","7,100",2021,10
(선)홍어,안흥,중,S/P,88,1.0,"10,000","7,500","8,900",2021,10
(선)홍어,군산,중,kg,179.7,1.0,"5,000","4,000","4,600",2021,10
(선)홍어,군산,중,S/P,1,5.0,"30,000","30,000","30,000",2021,10
(선)홍어,군산,중,S/P,2,10.0,"335,000","105,000","220,000",2021,10
(선)홍어,군산,대,S/P,200,1.0,"8,000","8,000","8,000",2021,10
(선)홍어,방어진,중,S/P,4,10.0,"40,000","40,000","40,000",2021,10
(선)홍어,목포,중,S/P,12.9,1.0,"10,000","6,500","7,600",2021,10
(선)홍어,방어진,2미,S/P,32.9,1.0,"11,000","7,000","8,900",2021,10
(선)홍어,임원,중,S/P,18.7,1.0,"7,000","5,500","6,400",2021,10
(선)홍어,방어진,대,S/P,104.4,1.0,"10,000","6,000","8,200",2021,10
(선)홍어,방어진,중,S/P,"2,553.2",1.0,"12,000","4,500","7,900",2021,10
(선)홍어,삼천포,중,S/P,18.7,1.0,"7,000","5,000","5,600",2021,10
(선)홍어,군산,중,S/P,"2,402.1",1.0,"12,000","2,000","7,200",2021,10
(선)홍어,군산,중,S/P,4,20.0,"100,000","100,000","100,000",2021,11
(선)홍어,보령,중,kg,127.8,1.0,"7,000","2,000","3,900",2021,11
(선)홍어,인천,중,S/P,338.1,1.0,"11,000","5,000","6,100",2021,11
(선)홍어,방어진,1미,S/P,66.4,1.0,"8,000",200,"5,200",2021,11
(선)홍어,방어진,중,S/P,184.5,20.0,"100,000","4,000","8,700",2021,11
(선)홍어,태안,중,kg,68,1.0,"10,000","4,000","5,900",2021,11
(선)홍어,일본,중,S/P,11.2,1.0,"10,000","6,500","8,700",2021,11
(선)홍어,안흥,중,kg,29.2,1.0,"7,000","6,000","6,700",2021,11
(선)홍어,부산(기장),중,S/P,408.5,1.0,"12,000","3,000","6,600",2021,11
(선)홍어,안흥,중,S/P,34.5,1.0,"9,000","3,500","6,000",2021,11
(선)홍어,죽변,중,kg,35.2,1.0,"5,000","5,000","5,000",2021,11
(선)홍어,군산,중,kg,516.5,1.0,"5,000","2,500","3,500",2021,11
(선)홍어,목포,중,c/s(상자),43,1.0,"4,500","4,000","4,100",2021,11
(선)홍어,죽변,중,S/P,15,1.0,"9,000","7,000","8,100",2021,11
(선)홍어,장항,중,S/P,60,1.0,"45,000","10,000","11,300",2021,11
(선)홍어,방어진,3미,S/P,38.8,1.0,"11,000","5,000","7,500",2021,11
(선)홍어,방어진,2미,S/P,107.1,1.0,"11,000","5,000","8,100",2021,11
(선)홍어,방어진,대,S/P,65.9,1.0,"9,000","4,000","5,700",2021,11
(선)홍어,방어진,중,S/P,"1,030.4",1.0,"10,000","3,500","6,400",2021,11
(선)홍어,군산,중,S/P,"2,092.4",1.0,"11,000",800,"4,800",2021,11
(활)홍어,통영,중,kg,8.8,1.0,"3,000","1,000","1,800",2021,12
(선)홍어,장항,3미,S/P,3,11.0,"71,500","49,500","56,800",2021,12
(선)홍어,태안,중,kg,"1,530.6",1.0,"10,500","2,000","6,000",2021,12
(선)홍어,방어진,중,S/P,2,20.0,"25,000","24,000","24,500",2021,12
(선)홍어,방어진,중,c/s(상자),3.3,1.0,"5,000","5,000","5,000",2021,12
(선)홍어,목포,중,S/P,2,20.0,"100,000","100,000","100,000",2021,12
(선)홍어,속초,중,S/P,64.8,1.0,"9,000","6,000","8,200",2021,12
(선)홍어,장항,대,c/s(상자),1,15.0,"97,500","97,500","97,500",2021,12
(선)홍어,안흥,중,S/P,7,20.0,"8,000","8,000","8,000",2021,12
(선)홍어,방어진,1미,S/P,6.1,1.0,"10,000","10,000","10,000",2021,12
(선)홍어,방어진,4미,S/P,10.3,1.0,"5,000","5,000","5,000",2021,12
(선)홍어,장항,중,c/s(상자),1,9.0,"45,000","45,000","45,000",2021,12
(선)홍어,장항,대,c/s(상자),1,14.0,"91,000","91,000","91,000",2021,12
(선)홍어,군산,중,S/P,649,1.0,"9,000","1,500","5,500",2021,12
(선)홍어,대천,중,S/P,"1,096.3",1.0,"11,000","3,500","7,600",2021,12
(선)홍어,장항,중,c/s(상자),1,12.0,"78,000","78,000","78,000",2021,12
(선)홍어,포항,중,S/P,7.9,1.0,"5,500","5,500","5,500",2021,12
(선)홍어,군산,중,c/s(상자),89.4,1.0,"5,000","5,000","5,000",2021,12
(선)홍어,방어진,대,S/P,3,15.0,"70,000","70,000","70,000",2021,12
(선)홍어,안흥,중,kg,"6,200.1",1.0,"10,000","1,000","6,800",2021,12
(선)홍어,격포,중,kg,149.5,1.0,"8,500","2,000","5,700",2021,12
(선)홍어,부산(기장),중,S/P,291.2,1.0,"11,000","4,000","7,300",2021,12
(선)홍어,방어진,중,S/P,1,5.0,"5,000","5,000","5,000",2021,12
(선)홍어,방어진,1미,S/P,1,15.0,"20,000","20,000","20,000",2021,12
(선)홍어,안흥,중,S/P,"1,393.5",1.0,"10,500","4,500","6,700",2021,12
(선)홍어,안흥,중,가구,556.4,1.0,"10,000","4,000","6,500",2021,12
(선)홍어,장항,3미,S/P,1,12.0,"78,000","78,000","78,000",2021,12
(선)홍어,목포,중,S/P,283,1.0,"11,000","10,000","10,700",2021,12
(선)홍어,서산,중,S/P,3,15.0,"20,000","5,000","15,000",2021,12
(선)홍어,방어진,2미,S/P,54.3,1.0,"9,000","5,000","6,600",2021,12
(선)홍어,방어진,대,S/P,74.4,1.0,"9,500","5,000","7,500",2021,12
(선)홍어,방어진,중,S/P,"1,310",1.0,"35,000","3,500","6,100",2021,12
(선)홍어,태안,중,kg,1,10.0,"103,700","103,700","103,700",2021,12
(선)홍어,목포,대,S/P,7,20.0,"200,000","200,000","200,000",2022,1
(선)홍어,군산,중,c/s(상자),60.2,1.0,"8,300","5,500","6,800",2022,1
(선)홍어,군산,1단,c/s(상자),200,1.0,"4,700","4,700","4,700",2022,1
(선)홍어,안흥,대,가구,319.3,1.0,"10,000","6,000","7,800",2022,1
(선)홍어,장항,5미,가구,1,38.0,"304,000","304,000","304,000",2022,1
(선)홍어,목포,3미,S/P,6,1.0,"7,000","7,000","7,000",2022,1
(선)홍어,방어진,20미,S/P,1,15.0,"40,000","40,000","40,000",2022,1
(선)홍어,군산,2단,c/s(상자),2,8.0,"112,000","112,000","112,000",2022,1
(선)홍어,태안,중,kg,"6,054.2",1.0,"9,000","4,000","6,300",2022,1
(선)홍어,인천,대,S/P,21.3,1.0,"11,000","6,000","9,500",2022,1
(선)홍어,목포,대,S/P,3,15.0,"140,000","140,000","140,000",2022,1
(선)홍어,방어진,중,S/P,2,20.0,"100,000","60,000","80,000",2022,1
(선)홍어,목포,대,c/s(상자),"4,354.2",1.0,"10,000","4,000","6,900",2022,1
(선)홍어,목포,2미,S/P,334,1.0,"5,500","4,500","4,700",2022,1
(선)홍어,부산(기장),대,S/P,38.7,1.0,"8,000","4,000","7,300",2022,1
(선)홍어,방어진,5미,S/P,32.2,1.0,"9,000","5,000","6,600",2022,1
(선)홍어,목포,6미,S/P,"1,263.7",1.0,"8,000","5,500","7,000",2022,1
(선)홍어,보령,대,S/P,20,20.0,"30,000","30,000","30,000",2022,1
(선)홍어,목포,중,kg,628.1,1.0,"24,000","5,000","8,000",2022,1
(선)홍어,방어진,2미,S/P,1,15.0,"50,000","50,000","50,000",2022,1
(선)홍어,목포,4미,S/P,100.5,1.0,"8,000","6,000","7,800",2022,1
(선)홍어,장항,대,S/P,5,15.0,"37,000","37,000","37,000",2022,1
(선)홍어,보령,대,c/s(상자),3,15.0,"30,000","30,000","30,000",2022,1
(선)홍어,장항,4미,가구,2,34.0,"272,000","272,000","272,000",2022,1
(선)홍어,보령,중,S/P,14,20.0,"30,000","30,000","30,000",2022,1
(선)홍어,안면도,중,kg,269.3,1.0,"8,000","4,700","6,200",2022,1
(선)홍어,방어진,대,S/P,"3,415.1",1.0,"10,000","3,000","6,000",2022,1
(선)홍어,목포,대,S/P,"3,409.7",1.0,"9,500","3,500","6,100",2022,1
(선)홍어,장항,3미,c/s(상자),1,30.6,"206,100","206,100","206,100",2022,1
(선)홍어,목포,중,S/P,148.4,1.0,"9,000","5,500","6,400",2022,1
(선)홍어,보령,1미,S/P,23,10.0,"38,000","30,000","30,300",2022,1
(선)홍어,군산,대,S/P,264,1.0,"10,000","5,500","8,500",2022,1
(선)홍어,장항,4미,가구,1,38.0,"304,000","304,000","304,000",2022,1
(선)홍어,군산,중,S/P,1,10.0,"54,000","54,000","54,000",2022,1
(선)홍어,방어진,3미,S/P,2,15.0,"50,000","40,000","45,000",2022,1
(선)홍어,목포,9미,c/s(상자),260.5,1.0,"10,000","10,000","10,000",2022,1
(선)홍어,동해시,대,S/P,9.6,1.0,"8,000","8,000","8,000",2022,1
(선)홍어,안흥,중,S/P,712.7,1.0,"15,000","5,500","7,500",2022,1
(선)홍어,군산,2단,c/s(상자),344.1,1.0,"6,500","5,000","6,000",2022,1
(선)홍어,안흥,중,kg,"11,601.6",1.0,"11,000","3,800","6,700",2022,1
(선)홍어,속초,대,S/P,3.3,1.0,"5,500","5,500","5,500",2022,1
(선)홍어,장항,3미,c/s(상자),1,27.2,"231,200","231,200","231,200",2022,1
(선)홍어,장항,4미,가구,1,28.0,"168,000","168,000","168,000",2022,1
(선)홍어,안흥,대,S/P,115,1.0,"8,000","7,000","7,800",2022,1
(선)홍어,진도,중,S/P,438.8,1.0,"8,500","3,500","4,600",2022,2
(선)홍어,신안,중,S/P,706.5,1.0,"6,500","2,000","3,700",2022,2
(선)홍어,목포,중,kg,420.2,1.0,"6,000","4,000","5,200",2022,2
(선)홍어,군산,대,c/s(상자),135.9,1.0,"10,000","8,500","9,300",2022,2
(선)홍어,장항,대,가구,2,28.0,"210,000","210,000","210,000",2022,2
(선)홍어,포항,대,S/P,56.1,1.0,"4,500","4,500","4,500",2022,2
(선)홍어,태안,중,가구,31.5,1.0,"5,000","5,000","5,000",2022,2
(선)홍어,목포,대,c/s(상자),"3,448.1",1.0,"9,500","3,000","5,600",2022,2
(선)홍어,방어진,중,S/P,88.8,20.0,"5,500","5,500","5,500",2022,2
(선)홍어,태안,중,kg,"3,205",1.0,"9,000","2,000","4,700",2022,2
(선)홍어,안흥,중,kg,"3,293.7",1.0,"9,000","3,500","5,000",2022,2
(선)홍어,군산,2단,c/s(상자),163.8,1.0,"4,500","4,500","4,500",2022,2
(선)홍어,방어진,대,c/s(상자),85.2,1.0,"8,000","7,500","7,800",2022,2
(선)홍어,군산,중,kg,47.9,1.0,"6,000","5,000","5,200",2022,2
(선)홍어,목포,중,S/P,337.9,1.0,"8,000","5,000","6,200",2022,2
(선)홍어,목포,대,S/P,"1,289.5",1.0,"9,000","4,000","5,500",2022,2
(선)홍어,방어진,대,S/P,"1,788.3",1.0,"9,000","2,000","5,800",2022,2
(선)홍어,방어진,중,S/P,837.1,1.0,"7,500","2,700","4,700",2022,2
(선)홍어,장항,대,S/P,5,11.0,"33,000","33,000","33,000",2022,2
(선)홍어,장항,대,S/P,3,10.0,"30,000","30,000","30,000",2022,2
(선)홍어,신안,중,kg,592.8,1.0,"8,000","4,500","5,600",2022,3
(선)홍어,목포,중,kg,622.2,1.0,"7,000","3,200","4,100",2022,3
(선)홍어,안흥,대,c/s(상자),2.8,1.0,"6,000","6,000","6,000",2022,3
(선)홍어,군산,대,c/s(상자),195.7,1.0,"10,000","3,700","7,000",2022,3
(선)홍어,군산,중,S/P,69.7,1.0,"3,000","3,000","3,000",2022,3
(선)홍어,부산(기장),대,S/P,21.6,1.0,"5,000","4,000","4,800",2022,3
(선)홍어,포항,대,S/P,597.1,1.0,"7,000","3,000","4,800",2022,3
(선)홍어,방어진,1미,S/P,8.8,1.0,"8,000","8,000","8,000",2022,3
(선)홍어,장항,2미,S/P,1,20.0,"150,000","150,000","150,000",2022,3
(선)홍어,목포,대,c/s(상자),"2,514.8",1.0,"8,500","3,500","5,900",2022,3
(선)홍어,인천,대,S/P,138,1.0,"7,000","5,300","5,900",2022,3
(선)홍어,태안,중,kg,731,1.0,"9,000","3,000","7,600",2022,3
(선)홍어,포항,중,kg,15.9,1.0,"3,000","3,000","3,000",2022,3
(선)홍어,군산,대,c/s(상자),3,20.0,"272,000","270,000","270,700",2022,3
(선)홍어,군산,대,S/P,8,20.0,"488,000","180,000","308,400",2022,3
(선)홍어,안흥,중,kg,"2,621.7",1.0,"9,000","2,500","6,100",2022,3
(선)홍어,보령,대,c/s(상자),144.7,1.0,"9,000","7,000","8,100",2022,3
(선)홍어,장항,3미,S/P,1,26.0,"208,000","208,000","208,000",2022,3
(선)홍어,군산,2단,c/s(상자),"1,156.1",1.0,"8,000","3,000","4,800",2022,3
(선)홍어,방어진,대,c/s(상자),5.6,1.0,"3,500","3,500","3,500",2022,3
(선)홍어,장항,3미,S/P,1,25.0,"187,500","187,500","187,500",2022,3
(선)홍어,군산,2단,c/s(상자),20,20.0,"110,000","55,000","100,800",2022,3
(선)홍어,군산,대,S/P,813.4,1.0,"9,000","5,000","7,100",2022,3
(선)홍어,방어진,3미,S/P,21.7,1.0,"7,000","4,000","6,000",2022,3
(선)홍어,목포,대,S/P,"4,794.7",1.0,"9,000","2,000","6,000",2022,3
(선)홍어,방어진,대,S/P,"2,132.6",1.0,"9,000","2,500","5,400",2022,3
(선)홍어,방어진,중,S/P,26,1.0,"7,000","7,000","7,000",2022,3
(선)홍어,군산,중,S/P,4,15.0,"255,000","100,000","177,500",2022,3
(활)홍어,태안,중,kg,13.6,1.0,"9,000","4,500","6,800",2022,4
(선)홍어,인천,대,S/P,1,5.0,"51,000","51,000","51,000",2022,4
(선)홍어,방어진,대,S/P,"1,022.3",1.0,"8,500",700,"5,500",2022,4
(선)홍어,안흥,대,c/s(상자),125.7,1.0,"4,500","3,000","3,900",2022,4
(선)홍어,군산,대,c/s(상자),361.6,1.0,"6,500","4,000","4,800",2022,4
(선)홍어,태안,대,가구,55,1.0,"8,000","2,800","5,400",2022,4
(선)홍어,신안,대,S/P,88.7,1.0,"7,500","6,500","6,800",2022,4
(선)홍어,군산,대,S/P,3,5.0,"40,000","40,000","40,000",2022,4
(선)홍어,포항,대,S/P,33.5,1.0,"4,000","4,000","4,000",2022,4
(선)홍어,안흥,소,가구,232.1,1.0,"7,000","5,500","6,900",2022,4
(선)홍어,목포,대,c/s(상자),"1,248.5",1.0,"8,500","5,500","7,300",2022,4
(선)홍어,인천,대,S/P,823.2,1.0,"9,000","4,000","6,100",2022,4
(선)홍어,태안,중,kg,"1,773.1",1.0,"9,000","2,500","5,800",2022,4
(선)홍어,군산,대,S/P,2,10.0,"100,000","90,000","95,000",2022,4
(선)홍어,속초,대,c/s(상자),81.5,1.0,"8,000","4,000","6,900",2022,4
(선)홍어,군산,5미,S/P,59.2,1.0,"8,000","8,000","8,000",2022,4
(선)홍어,안흥,대,가구,320.6,1.0,"7,000","4,500","5,800",2022,4
(선)홍어,군산,대,S/P,22,20.0,"241,000","30,000","137,800",2022,4
(선)홍어,완도,중,kg,14.8,1.0,"2,000","2,000","2,000",2022,4
(선)홍어,인천,대,S/P,1,4.0,"45,000","45,000","45,000",2022,4
(선)홍어,인천,대,S/P,6,20.0,"244,500","56,000","192,100",2022,4
(선)홍어,안흥,중,kg,"6,440.3",1.0,"13,000","1,000","6,300",2022,4
(선)홍어,인천,대,S/P,1,15.0,"140,000","140,000","140,000",2022,4
(선)홍어,태안,대,S/P,571.2,1.0,"9,000","5,000","7,000",2022,4
(선)홍어,방어진,대,c/s(상자),6.4,1.0,"7,000","7,000","7,000",2022,4
(선)홍어,군산,2단,c/s(상자),1,20.0,"100,000","100,000","100,000",2022,4
(선)홍어,군산,대,S/P,543.3,1.0,"10,500","4,000","5,900",2022,4
(선)홍어,방어진,대,S/P,3,20.0,"80,000","38,000","56,000",2022,4
(선)홍어,목포,대,S/P,640.2,1.0,"10,000","4,500","6,900",2022,4
(선)홍어,안흥,대,S/P,740.2,1.0,"8,500","4,000","6,600",2022,4
(선)홍어,신안,대,c/s(상자),31.1,1.0,"5,500","4,500","5,000",2022,5
(선)홍어,인천,대,가구,801,1.0,"9,000",500,"3,900",2022,5
(선)홍어,방어진,3미,S/P,1,20.0,"80,000","80,000","80,000",2022,5
(선)홍어,안흥,대,S/P,4,10.0,"23,000","10,000","14,500",2022,5
(선)홍어,안흥,대,가구,"1,015.9",1.0,"9,500","1,500","4,300",2022,5
(선)홍어,인천,대,S/P,1,13.0,"135,000","135,000","135,000",2022,5
(선)홍어,포항,중,kg,118.3,1.0,"4,500","3,200","3,400",2022,5
(선)홍어,태안,중,kg,"1,323.4",1.0,"10,000","2,000","5,600",2022,5
(선)홍어,인천,대,S/P,"1,569.8",1.0,"9,000","2,000","5,300",2022,5
(선)홍어,신안,대,가구,151,1.0,"7,000","3,000","4,900",2022,5
(선)홍어,방어진,1미,S/P,9.3,1.0,"6,000","6,000","6,000",2022,5
(선)홍어,포항,대,S/P,93.8,1.0,"7,000","2,000","3,400",2022,5
(선)홍어,인천,대,가구,2,18.0,"210,000","120,000","165,000",2022,5
(선)홍어,신안,대,S/P,"1,246.9",1.0,"10,000","3,000","6,700",2022,5
(선)홍어,태안,대,가구,"1,515.2",1.0,"8,000","1,500","4,600",2022,5
(선)홍어,인천,대,S/P,1,12.0,"115,000","115,000","115,000",2022,5
(선)홍어,인천,대,가구,1,25.0,"181,500","181,500","181,500",2022,5
(선)홍어,안흥,대,c/s(상자),12.5,1.0,"7,000","3,500","4,900",2022,5
(선)홍어,목포,중,kg,231,1.0,"6,500","3,000","4,300",2022,5
(선)홍어,방어진,1미,S/P,1,20.0,"50,000","50,000","50,000",2022,5
(선)홍어,완도,중,kg,56.3,1.0,500,500,500,2022,5
(선)홍어,인천,대,S/P,1,4.0,"38,000","38,000","38,000",2022,5
(선)홍어,안흥,대,kg,7.5,1.0,"3,000","3,000","3,000",2022,5
(선)홍어,인천,대,가구,1,7.0,"70,000","70,000","70,000",2022,5
(선)홍어,신안,중,kg,"1,272.8",1.0,"7,000","1,300","3,800",2022,5
(선)홍어,방어진,대,S/P,"2,979",1.0,"9,000","3,000","5,200",2022,5
(선)홍어,태안,대,S/P,2,15.0,"25,000","10,000","17,500",2022,5
(선)홍어,방어진,2미,S/P,74.7,1.0,"8,000",300,"5,900",2022,5
(선)홍어,목포,대,S/P,918.8,1.0,"7,000","3,300","4,600",2022,5
(선)홍어,방어진,대,S/P,14,20.0,"85,000","85,000","85,000",2022,5
(선)홍어,군산,대,S/P,122.3,1.0,"1,000","1,000","1,000",2022,5
(선)홍어,서산,대,가구,511.3,1.0,"9,500","3,300","6,100",2022,5
(선)홍어,태안,대,S/P,1,20.0,"25,000","25,000","25,000",2022,5
(선)홍어,삼척,대,S/P,20,1.0,"8,000","8,000","8,000",2022,5
(선)홍어,태안,대,S/P,15.5,1.0,"6,000","3,000","4,700",2022,5
(선)홍어,방어진,2미,S/P,1,20.0,"80,000","80,000","80,000",2022,5
(선)홍어,태안,소,가구,241.2,1.0,"4,700","2,500","4,300",2022,5
(선)홍어,안흥,중,kg,"1,312.7",1.0,"12,000","1,000","5,600",2022,5
(선)홍어,인천,대,c/s(상자),"1,350.8",1.0,"8,500","2,200","4,100",2022,5
(선)홍어,인천,대,S/P,7,20.0,"243,000","110,000","202,000",2022,5
(선)홍어,안흥,대,S/P,922,1.0,"10,500","2,000","6,300",2022,5
(선)홍어,태안,2단,c/s(상자),262.4,1.0,"6,500","3,000","5,100",2022,6
(선)홍어,방어진,대,S/P,460.8,1.0,"6,000","3,000","4,700",2022,6
(선)홍어,목포,대,S/P,23.7,1.0,"4,500","4,500","4,500",2022,6
(선)홍어,태안,대,S/P,55.7,1.0,"4,000","4,000","4,000",2022,6
(선)홍어,안흥,중,kg,"1,122.4",1.0,"9,000","3,000","5,100",2022,6
(선)홍어,태안,대,c/s(상자),481.8,1.0,"8,500","1,000","4,100",2022,6
(선)홍어,태안,중,kg,32.9,1.0,"8,000","8,000","8,000",2022,6
(선)홍어,목포,대,c/s(상자),172.8,1.0,"6,500","3,000","4,000",2022,6
(선)홍어,방어진,1미,S/P,67.4,1.0,"8,000","3,500","5,400",2022,6
(선)홍어,태안,대,가구,70.7,1.0,"6,000","3,500","3,800",2022,6
(선)홍어,감포,대,S/P,3,20.0,"38,000","20,000","26,000",2022,6
(선)홍어,방어진,1미,S/P,30.1,15.0,"5,000","5,000","5,000",2022,7
(선)홍어,감포,대,S/P,1.0,20.0,"33,000","33,000","33,000",2022,7
(선)홍어,감포,1미,S/P,1.0,15.0,"126,000","126,000","126,000",2022,7
(선)홍어,방어진,5미,S/P,5.0,20.0,"92,400","92,400","92,400",2022,7
(선)홍어,방어진,4미,S/P,24.5,1.0,"8,500","8,500","8,500",2022,7
(선)홍어,방어진,1미,S/P,469.7,1.0,"95,000","2,500","6,800",2022,7
(선)홍어,감포,대,S/P,37.6,1.0,"4,500","3,000","3,700",2022,7
(선)홍어,태안,중,kg,540.6,1.0,"7,000","4,000","5,700",2022,7
(선)홍어,방어진,3미,S/P,2.0,20.0,"180,000","171,000","175,500",2022,7
(선)홍어,인천,대,가구,341.8,1.0,"2,500","1,500","2,200",2022,7
(선)홍어,방어진,1미,S/P,3.0,20.0,"50,000","50,000","50,000",2022,7
(선)홍어,방어진,10미,c/s(상자),27.4,1.0,"11,000","8,000","10,200",2022,7
(선)홍어,방어진,대,c/s(상자),35.2,1.0,"8,000","1,000","5,300",2022,7
(선)홍어,방어진,6미,S/P,1.0,15.0,"105,000","105,000","105,000",2022,7
(선)홍어,방어진,3미,S/P,95.8,1.0,"10,000","4,000","5,900",2022,7
(선)홍어,감포,7미,S/P,1.0,15.0,"93,000","93,000","93,000",2022,7
(선)홍어,방어진,대,S/P,1.0,20.0,"110,000","110,000","110,000",2022,7
(선)홍어,목포,대,S/P,30.1,1.0,"4,000","4,000","4,000",2022,7
(선)홍어,방어진,2미,S/P,87.0,1.0,"9,000","3,500","5,600",2022,7
(선)홍어,방어진,대,S/P,384.1,1.0,"10,000","3,000","7,400",2022,7
(선)홍어,방어진,4미,S/P,1.0,20.0,"95,000","95,000","95,000",2022,7
(냉)홍어,인천,8미,c/s(상자),6.0,20.0,"120,000","120,000","120,000",2022,7
(냉)홍어,태안,중,kg,432.1,1.0,"6,500","2,000","4,600",2022,7
(선)홍어,방어진,중,S/P,217.5,1.0,"9,000","5,000","7,300",2022,8
(선)홍어,방어진,대,S/P,511.7,1.0,"10,000","1,000","5,800",2022,8
(선)홍어,방어진,2미,S/P,18.0,1.0,"10,000","10,000","10,000",2022,8
(선)홍어,방어진,대,S/P,4.0,20.0,"103,000","80,000","93,500",2022,8
(선)홍어,군산,대,S/P,255.1,1.0,"10,000","1,500","4,700",2022,8
(선)홍어,안흥,중,S/P,6.0,1.0,"1,600","1,600","1,600",2022,8
(선)홍어,방어진,1미,S/P,1.0,15.0,"79,000","79,000","79,000",2022,8
(선)홍어,안흥,중,kg,388.9,1.0,"14,000","6,500","12,100",2022,8
(선)홍어,방어진,중,S/P,1.0,20.0,"90,000","90,000","90,000",2022,8
(선)홍어,방어진,1미,S/P,40.6,1.0,"6,000","4,000","4,400",2022,8
(선)홍어,포항,대,S/P,13.6,1.0,"5,500","5,500","5,500",2022,8
(선)홍어,방어진,대,S/P,30.0,2.0,"7,000","7,000","7,000",2022,8
(선)홍어,부산(기장),대,S/P,44.5,1.0,"5,000","4,000","4,500",2022,8
(선)홍어,인천,중,S/P,18.0,20.0,"160,000","140,000","151,100",2022,8
(선)홍어,방어진,중,S/P,603.2,1.0,"12,000","8,000","9,200",2022,9
(선)홍어,방어진,대,S/P,595.9,1.0,"9,000","5,000","6,900",2022,9
(선)홍어,방어진,대,S/P,3,20.0,"90,000","90,000","90,000",2022,9
(선)홍어,군산,대,S/P,"1,360",1.0,"13,000","5,500","9,200",2022,9
(선)홍어,군산,중,kg,140,1.0,"5,000","5,000","5,000",2022,9
(선)홍어,안흥,중,kg,22.1,1.0,"12,000","12,000","12,000",2022,9
(선)홍어,완도,중,kg,7.6,1.0,"2,000","2,000","2,000",2022,9
(선)홍어,인천,대,S/P,1,25.0,"196,000","196,000","196,000",2022,9
(선)홍어,군산,대,S/P,6,20.0,"160,000","120,000","153,300",2022,9
(선)홍어,태안,중,kg,938.8,1.0,"14,000","3,000","6,700",2022,9
(선)홍어,인천,대,S/P,90.8,1.0,"7,000","5,000","6,000",2022,9
(선)홍어,인천,대,S/P,1,18.0,"131,500","131,500","131,500",2022,9
(선)홍어,군산,대,c/s(상자),260,1.0,"6,500","5,000","5,700",2022,9
(선)홍어,안흥,대,S/P,243.8,1.0,"13,000",600,"8,100",2022,9
(선)홍어,삼천포,5미,S/P,10.8,1.0,"5,500","5,500","5,500",2022,10
(선)홍어,부산(기장),대,S/P,278.3,1.0,"10,000","5,000","7,800",2022,10
(선)홍어,신안,대,S/P,769.7,1.0,"12,000","2,500","8,300",2022,10
(선)홍어,삼천포,2미,S/P,14.1,1.0,"9,000","5,500","6,800",2022,10
(선)홍어,방어진,중,kg,66.5,1.0,"7,000","4,000","4,500",2022,10
(선)홍어,태안,중,kg,977.4,1.0,"12,000","3,500","7,200",2022,10
(선)홍어,삼천포,3미,S/P,96.6,1.0,"5,500","5,500","5,500",2022,10
(선)홍어,서산,대,S/P,61.3,1.0,"10,000","8,000","9,000",2022,10
(선)홍어,후포,대,S/P,82.9,1.0,"8,000","7,500","7,600",2022,10
(선)홍어,안흥,중,kg,"1,840.5",1.0,"14,000","4,000","8,300",2022,10
(선)홍어,격포,중,kg,13.8,1.0,"10,000","7,500","8,700",2022,10
(선)홍어,안흥,중,S/P,3.4,1.0,"6,000","6,000","6,000",2022,10
(선)홍어,방어진,2단,c/s(상자),7.5,1.0,"5,500","5,500","5,500",2022,10
(선)홍어,군산,중,kg,7.9,1.0,"5,000","5,000","5,000",2022,10
(선)홍어,강구,대,S/P,19.2,1.0,"12,000","8,000","11,000",2022,10
(선)홍어,군산,대,S/P,400,1.0,"6,000","5,000","5,200",2022,10
(선)홍어,방어진,대,S/P,3,20.0,"60,000","24,000","40,000",2022,10
(선)홍어,방어진,대,S/P,"2,229.6",1.0,"12,000","4,000","6,000",2022,10
(선)홍어,안흥,대,S/P,158.5,1.0,"13,000","3,000","9,900",2022,10
(선)홍어,신안,대,c/s(상자),495.9,1.0,"9,500","6,000","8,300",2022,11
(선)홍어,보령,대,S/P,173.7,1.0,"12,000","3,500","10,100",2022,11
(선)홍어,신안,대,S/P,752.1,1.0,"10,500","3,000","8,000",2022,11
(선)홍어,속초,중,kg,177.4,1.0,"11,000","1,000","5,900",2022,11
(선)홍어,방어진,4미,S/P,28.9,1.0,"8,000","6,000","7,200",2022,11
(선)홍어,포항,대,S/P,11.6,1.0,"9,000","9,000","9,000",2022,11
(선)홍어,방어진,1미,S/P,7,1.0,"5,000","5,000","5,000",2022,11
(선)홍어,방어진,대,S/P,1,5.0,"25,000","25,000","25,000",2022,11
(선)홍어,보령,중,S/P,269.6,1.0,"12,000","4,000","10,500",2022,11
(선)홍어,태안,중,kg,318.4,1.0,"11,500","4,000","7,400",2022,11
(선)홍어,안흥,중,kg,"2,326",1.0,"11,000",200,"5,300",2022,11
(선)홍어,보령,대,c/s(상자),"1,027",1.0,"11,000","5,000","9,600",2022,11
(선)홍어,보령,3미,S/P,3,20.0,"116,000","116,000","116,000",2022,11
(선)홍어,방어진,대,c/s(상자),7.8,1.0,"9,000","9,000","9,000",2022,11
(선)홍어,안흥,중,S/P,31.6,1.0,"4,000","2,500","3,100",2022,11
(선)홍어,방어진,3미,S/P,7.2,1.0,"10,000","10,000","10,000",2022,11
(선)홍어,방어진,대,S/P,6,20.0,"139,000","26,000","84,000",2022,11
(선)홍어,방어진,2미,S/P,34.8,1.0,"8,000","5,000","6,800",2022,11
(선)홍어,방어진,대,S/P,495.8,1.0,"15,000","3,000","6,700",2022,11
(선)홍어,방어진,중,S/P,17,1.0,"8,000","7,000","7,600",2022,11
(선)홍어,보령,2미,S/P,7,20.0,"116,000","116,000","116,000",2022,11
(선)홍어,삼천포,6미,S/P,20.2,1.0,"6,500","6,500","6,500",2022,11
(선)홍어,안흥,대,kg,44,1.0,"11,000","6,500","7,900",2022,11
(선)홍어,안흥,대,S/P,37.7,1.0,"11,000","7,500","9,400",2022,11
(선)홍어,신안,대,c/s(상자),255.5,1.0,"10,500","6,000","8,400",2022,12
(선)홍어,부산(기장),대,S/P,12.6,1.0,"6,500","6,500","6,500",2022,12
(선)홍어,신안,대,S/P,"1,130",1.0,"12,000","3,000","8,000",2022,12
(선)홍어,방어진,5미,S/P,2,20.0,"1,000","1,000","1,000",2022,12
(선)홍어,포항,대,S/P,18.3,1.0,"9,000","8,000","8,400",2022,12
(선)홍어,방어진,1미,S/P,9.7,1.0,"10,000","10,000","10,000",2022,12
(선)홍어,방어진,4미,S/P,1,5.0,"5,000","5,000","5,000",2022,12
(선)홍어,부산(기장),중,kg,40.1,1.0,"9,000","6,000","8,000",2022,12
(선)홍어,안흥,소,가구,232.3,1.0,"6,800","4,000","5,700",2022,12
(선)홍어,목포,대,c/s(상자),344.8,1.0,"5,500","4,500","4,900",2022,12
(선)홍어,인천,대,S/P,48.8,1.0,"10,000","6,000","8,000",2022,12
(선)홍어,태안,중,kg,"1,508.1",1.0,"13,000","1,000","10,200",2022,12
(선)홍어,감포,대,c/s(상자),1,15.0,"67,200","67,200","67,200",2022,12
(선)홍어,안흥,대,c/s(상자),1,15.0,"12,000","12,000","12,000",2022,12
(선)홍어,안흥,대,가구,123.1,1.0,"10,000","3,000","6,300",2022,12
(선)홍어,속초,대,S/P,45.4,1.0,"10,000","9,000","9,900",2022,12
(선)홍어,인천,대,c/s(상자),556.2,1.0,"10,500","5,500","8,600",2022,12
(선)홍어,안흥,중,kg,"1,494.2",1.0,"12,000","3,500","7,300",2022,12
(선)홍어,보령,대,c/s(상자),"1,242.5",1.0,"10,500","3,000","8,100",2022,12
(선)홍어,방어진,대,c/s(상자),24.4,1.0,"7,000","4,500","6,100",2022,12
(선)홍어,보령,1미,c/s(상자),4,8.0,"62,000","60,000","60,500",2022,12
(선)홍어,군산,대,S/P,328.8,1.0,"8,500","6,000","8,100",2022,12
(선)홍어,방어진,3미,S/P,41.1,1.0,"10,000","6,500","8,900",2022,12
(선)홍어,동해시,1미,S/P,1,12.0,"84,000","84,000","84,000",2022,12
(선)홍어,방어진,2미,S/P,14,1.0,"9,500","9,500","9,500",2022,12
(선)홍어,보령,1미,c/s(상자),129.3,1.0,"8,000","7,500","7,600",2022,12
(선)홍어,방어진,대,S/P,435.2,1.0,"10,000",100,"6,600",2022,12
(선)홍어,방어진,4미,S/P,1,20.0,"50,000","50,000","50,000",2022,12
(선)홍어,방어진,3미,box,9.6,1.0,"10,000","10,000","10,000",2022,12
(선)홍어,보령,대,S/P,813.3,1.0,"13,000","8,000","10,300",2022,12
(선)홍어,안흥,대,kg,96.1,1.0,"7,000","3,000","5,700",2023,1
(선)홍어,방어진,5미,S/P,20.4,1.0,"8,000","8,000","8,000",2023,1
(선)홍어,신안,대,S/P,"1,527.4",1.0,"13,000","6,000","10,700",2023,1
(선)홍어,방어진,2미,S/P,2,5.0,"1,000","1,000","1,000",2023,1
(선)홍어,방어진,1미,S/P,9,1.0,"8,000","8,000","8,000",2023,1
(선)홍어,태안,중,kg,739.7,1.0,"8,000","2,500","4,300",2023,1
(선)홍어,포항,중,kg,49.9,1.0,"10,000","7,000","9,300",2023,1
(선)홍어,군산,대,S/P,54.3,20.0,"4,000","1,000","2,300",2023,1
(선)홍어,속초,대,S/P,93.3,1.0,"12,000","6,000","7,300",2023,1
(선)홍어,안흥,중,kg,"14,291.8",1.0,"13,000","2,000","6,700",2023,1
(선)홍어,방어진,2단,S/P,30.6,1.0,"8,000","7,000","7,500",2023,1
(선)홍어,방어진,대,c/s(상자),6.8,1.0,"7,000","7,000","7,000",2023,1
(선)홍어,군산,중,kg,885.7,1.0,"8,500","2,000","3,100",2023,1
(선)홍어,방어진,3미,S/P,15.8,1.0,"8,000","8,000","8,000",2023,1
(선)홍어,목포,대,S/P,537.9,1.0,"7,000","4,200","5,600",2023,1
(선)홍어,방어진,2미,S/P,12.3,1.0,"6,000","6,000","6,000",2023,1
(선)홍어,방어진,대,S/P,"1,721.7",1.0,"10,000","4,500","7,000",2023,1
(선)홍어,방어진,중,S/P,42.4,1.0,"6,000","5,000","5,400",2023,1
(선)홍어,속초,중,S/P,17.1,1.0,"9,000","7,000","7,600",2023,1
(선)홍어,방어진,중,c/s(상자),1,20.0,"130,000","130,000","130,000",2023,1
(선)홍어,방어진,5미,S/P,1,5.0,"1,000","1,000","1,000",2023,1
(냉)홍어,목포,대,S/P,211,1.0,"6,500","6,500","6,500",2023,1
(선)홍어,방어진,대,S/P,861.3,1.0,"8,000","3,500","5,600",2023,2
(선)홍어,목포,대,S/P,976.3,1.0,"9,500","5,000","7,500",2023,2
(선)홍어,군산,대,S/P,389.7,1.0,"8,000","5,000","6,800",2023,2
(선)홍어,강구,대,S/P,157.6,1.0,"7,000","2,500","4,200",2023,2
(선)홍어,방어진,대,c/s(상자),24.5,1.0,"8,000","5,000","6,400",2023,2
(선)홍어,안흥,중,kg,"12,968.6",1.0,"11,500","1,000","5,200",2023,2
(선)홍어,군산,대,S/P,3,20.0,"150,000","150,000","150,000",2023,2
(선)홍어,군산,대,c/s(상자),8,20.0,"40,000","40,000","40,000",2023,2
(선)홍어,태안,중,kg,"1,039.5",1.0,"10,500","1,000","4,700",2023,2
(선)홍어,인천,대,S/P,141.2,1.0,"7,000","5,000","6,600",2023,2
(선)홍어,방어진,4미,S/P,19.7,1.0,"8,000","4,000","6,500",2023,2
(선)홍어,대천,중,kg,621.8,1.0,"9,000","4,500","6,600",2023,2
(선)홍어,신안,대,S/P,"4,621.3",1.0,"10,000","5,000","6,800",2023,2
(선)홍어,군산,중,S/P,139.5,1.0,"9,000","8,000","8,300",2023,2
(선)홍어,목포,중,kg,157.6,1.0,"7,000","1,000","4,800",2023,2
(선)홍어,군산,대,S/P,1,17.5,"140,000","140,000","140,000",2023,3
(선)홍어,안흥,대,c/s(상자),"1,652",1.0,"6,500","4,000","5,100",2023,3
(선)홍어,신안,대,S/P,"3,697.5",1.0,"9,000","3,500","5,600",2023,3
(선)홍어,대천,중,kg,"1,842.9",1.0,"7,000","3,500","5,300",2023,3
(선)홍어,군산,대,S/P,1,15.0,"105,000","105,000","105,000",2023,3
(선)홍어,인천,대,S/P,252.3,1.0,"7,500","2,000","3,000",2023,3
(선)홍어,태안,중,kg,"5,170.5",1.0,"10,000","1,000","5,200",2023,3
(선)홍어,포항,중,kg,119.9,1.0,"3,500","3,500","3,500",2023,3
(선)홍어,강구,2미,S/P,13.5,1.0,"7,000","6,000","6,500",2023,3
(선)홍어,서산,대,S/P,91.7,1.0,"2,500","2,500","2,500",2023,3
(선)홍어,안흥,대,가구,"1,284.5",1.0,"6,000","4,000","5,200",2023,3
(선)홍어,방어진,3미,S/P,1,20.0,"25,000","25,000","25,000",2023,3
(선)홍어,군산,대,S/P,1,9.3,"74,400","74,400","74,400",2023,3
(선)홍어,군산,대,S/P,6,20.0,"225,000","171,000","202,000",2023,3
(선)홍어,완도,중,kg,17.3,1.0,"4,500","4,500","4,500",2023,3
(선)홍어,안흥,중,kg,"3,218.4",1.0,"11,000","3,000","5,200",2023,3
(선)홍어,군산,대,S/P,1,7.0,"40,000","40,000","40,000",2023,3
(선)홍어,인천,중,kg,86.1,1.0,"7,500","4,000","5,800",2023,3
(선)홍어,군산,중,kg,260.7,1.0,"3,000","2,000","2,500",2023,3
(선)홍어,신안,대,S/P,319.3,20.0,"128,000","5,000","10,200",2023,3
(선)홍어,대천,대,가구,720.6,1.0,"5,500","5,000","5,100",2023,3
(선)홍어,군산,대,S/P,1,8.3,"41,500","41,500","41,500",2023,3
(선)홍어,강구,대,S/P,28.7,1.0,"10,000","3,500","4,800",2023,3
(선)홍어,군산,대,S/P,632.5,1.0,"11,000","3,500","7,100",2023,3
(선)홍어,방어진,대,S/P,1,20.0,"85,000","85,000","85,000",2023,3
(선)홍어,목포,대,S/P,"5,991.9",1.0,"9,500","3,000","6,200",2023,3
(선)홍어,축산,대,S/P,134.2,1.0,"7,000","2,500","5,500",2023,3
(선)홍어,군산,대,S/P,1,18.0,"140,000","140,000","140,000",2023,3
(선)홍어,방어진,대,S/P,521.9,1.0,"23,000","2,500","5,400",2023,3
(선)홍어,신안,중,kg,115.9,1.0,"4,500","4,500","4,500",2023,3
(선)홍어,신안,중,S/P,8.1,1.0,"9,000","9,000","9,000",2023,3
(선)홍어,방어진,중,S/P,131.6,1.0,"8,000","4,500","6,800",2023,4
(선)홍어,목포,중,kg,32,1.0,"7,000","7,000","7,000",2023,4
(선)홍어,방어진,5미,S/P,28.3,1.0,"8,000","8,000","8,000",2023,4
(선)홍어,보령,중,kg,35.7,1.0,"8,000","3,000","4,800",2023,4
(선)홍어,방어진,8미,S/P,43.6,1.0,"5,000","5,000","5,000",2023,4
(선)홍어,포항,대,S/P,194.8,1.0,"7,500","1,000","5,200",2023,4
(선)홍어,방어진,1미,S/P,10.9,1.0,"8,000","6,000","7,200",2023,4
(선)홍어,임원,대,S/P,11.7,1.0,"8,000","8,000","8,000",2023,4
(선)홍어,인천,대,S/P,187.3,1.0,"12,000","3,000","7,700",2023,4
(선)홍어,태안,중,kg,757.5,1.0,"9,000",300,"4,700",2023,4
(선)홍어,안흥,1미,kg,96,1.0,"2,500","1,000","1,300",2023,4
(선)홍어,포항,중,kg,15.6,1.0,"6,500","6,500","6,500",2023,4
(선)홍어,통영,중,S/P,107.1,1.0,"7,500","6,500","7,000",2023,4
(선)홍어,축산,대,S/P,7.3,20.0,"2,500","2,500","2,500",2023,4
(선)홍어,인천,대,가구,525.9,1.0,"11,000","8,000","9,400",2023,4
(선)홍어,인천,대,S/P,1,25.0,"165,000","165,000","165,000",2023,4
(선)홍어,안흥,중,kg,"3,611.8",1.0,"12,000","1,000","5,700",2023,4
(선)홍어,서산,대,가구,"1,113.5",1.0,"8,000","4,000","6,500",2023,4
(선)홍어,군산,대,S/P,73.8,1.0,"2,500","2,500","2,500",2023,4
(선)홍어,방어진,3미,S/P,10.2,1.0,"7,000","7,000","7,000",2023,4
(선)홍어,목포,중,kg,1,40.0,"375,000","375,000","375,000",2023,4
(선)홍어,진도,대,c/s(상자),3,1.0,"10,000","10,000","10,000",2023,4
(선)홍어,목포,중,S/P,65,1.0,"7,500","7,500","7,500",2023,4
(선)홍어,인천,중,가구,334.4,1.0,"8,300","6,000","7,100",2023,4
(선)홍어,목포,대,S/P,155.1,12.5,"7,000","5,500","6,700",2023,4
(선)홍어,목포,대,S/P,"7,442.4",1.0,"8,000","3,800","5,900",2023,4
(선)홍어,축산,대,S/P,105.3,1.0,"8,000","3,500","7,200",2023,4
(선)홍어,방어진,대,S/P,"1,074",1.0,"8,000","2,500","6,700",2023,4
(선)홍어,안흥,대,S/P,259.5,1.0,"7,500","4,500","5,100",2023,4
(활)홍어,태안,중,kg,3.6,1.0,"6,000","6,000","6,000",2023,5
(활)홍어,태안,중,kg,1,2.0,"8,000","8,000","8,000",2023,5
(선)홍어,안흥,대,가구,36.7,1.0,"2,000","2,000","2,000",2023,5
(선)홍어,감포,2미,S/P,49,1.0,"8,000","8,000","8,000",2023,5
(선)홍어,방어진,중,S/P,26.4,1.0,"8,000","4,500","6,700",2023,5
(선)홍어,인천,대,S/P,3,2.0,"41,500","15,000","31,500",2023,5
(선)홍어,태안,중,kg,"2,593.6",1.0,"11,000","3,000","6,300",2023,5
(선)홍어,인천,대,S/P,"1,005",1.0,"9,500","2,200","6,500",2023,5
(선)홍어,임원,대,S/P,6.8,1.0,"3,000","3,000","3,000",2023,5
(선)홍어,방어진,1미,S/P,6.3,1.0,"5,000","5,000","5,000",2023,5
(선)홍어,포항,대,S/P,41.6,1.0,"7,000","3,500","6,200",2023,5
(선)홍어,방어진,4미,S/P,102.4,1.0,"5,500","3,500","4,000",2023,5
(선)홍어,인천,중,S/P,"1,447.2",1.0,"10,000","1,000","3,500",2023,5
(선)홍어,보령,대,S/P,7.6,1.0,"5,000","5,000","5,000",2023,5
(선)홍어,인천,대,S/P,1,5.0,"25,000","25,000","25,000",2023,5
(선)홍어,인천,중,S/P,2,20.0,"162,000","90,000","126,000",2023,5
(선)홍어,부산(기장),대,S/P,1,10.0,"5,000","5,000","5,000",2023,5
(선)홍어,인천,대,가구,489.6,1.0,"12,000","3,000","7,500",2023,5
(선)홍어,방어진,대,S/P,"2,076.5",1.0,"9,000","2,500","6,300",2023,5
(선)홍어,방어진,2미,S/P,45.7,1.0,"7,000","4,500","6,200",2023,5
(선)홍어,축산,대,S/P,472,1.0,"8,500","4,000","5,700",2023,5
(선)홍어,목포,대,S/P,752.3,1.0,"10,000",200,"8,100",2023,5
(선)홍어,방어진,대,S/P,1,20.0,"77,500","77,500","77,500",2023,5
(선)홍어,방어진,3미,S/P,47.8,1.0,"9,000","4,500","7,600",2023,5
(선)홍어,군산,대,S/P,75,1.0,"8,000","8,000","8,000",2023,5
(선)홍어,방어진,10미,S/P,56.2,1.0,"8,000","8,000","8,000",2023,5
(선)홍어,방어진,2미,S/P,3,10.0,"50,000","50,000","50,000",2023,5
(선)홍어,태안,대,S/P,215,1.0,"8,500","3,500","4,900",2023,5
(선)홍어,감포,3미,S/P,30.6,1.0,"8,500","4,500","7,600",2023,5
(선)홍어,보령,대,c/s(상자),134,1.0,"9,000","4,000","6,000",2023,5
(선)홍어,축산,중,S/P,71.4,1.0,"8,000","5,000","5,600",2023,5
(선)홍어,안흥,중,kg,"1,251",1.0,"11,000",300,"6,200",2023,5
(선)홍어,인천,대,S/P,12,20.0,"254,600","116,000","243,100",2023,5
(선)홍어,안흥,대,S/P,37.3,1.0,"6,500","4,000","5,400",2023,5
(선)홍어,목포,대,S/P,687.7,1.0,"11,000","3,000","8,000",2023,6
(선)홍어,강구,대,S/P,6.6,1.0,"4,000","4,000","4,000",2023,6
(선)홍어,태안,중,kg,171.0,1.0,"9,000","3,000","7,600",2023,6
(선)홍어,방어진,1미,S/P,84.9,1.0,"9,000","5,000","8,000",2023,6
(선)홍어,방어진,대,S/P,714.5,1.0,"10,000","2,500","7,500",2023,7
(선)홍어,방어진,2미,S/P,105.9,1.0,"10,000","2,700","5,000",2023,7
(선)홍어,방어진,3미,S/P,28.4,1.0,"8,000","8,000","8,000",2023,7
(선)홍어,감포,6미,S/P,39.1,1.0,"5,000","5,000","5,000",2023,7
(선)홍어,완도,중,kg,28.9,1.0,"5,000","5,000","5,000",2023,7
(선)홍어,인천,대,가구,"1,002.7",1.0,"6,000","4,000","4,600",2023,7
(선)홍어,감포,2미,S/P,11,1.0,"9,000","9,000","9,000",2023,7
(선)홍어,임원,대,S/P,14,1.0,"6,000","6,000","6,000",2023,7
(선)홍어,방어진,1미,S/P,354.8,1.0,"11,000","2,000","4,600",2023,7
(선)홍어,방어진,4미,S/P,149.1,1.0,"4,000","2,000","2,800",2023,7
(선)홍어,방어진,8미,S/P,43.2,1.0,"5,000","5,000","5,000",2023,7
(선)홍어,감포,4미,S/P,22.6,1.0,"8,500","8,500","8,500",2023,7
(선)홍어,감포,10미,S/P,62,1.0,"8,500","8,500","8,500",2023,7
(선)홍어,임원,대,S/P,1,20.0,"10,000","10,000","10,000",2023,7
(선)홍어,방어진,12미,S/P,74,1.0,"7,500","7,500","7,500",2023,8
(선)홍어,방어진,대,S/P,"1,450.1",1.0,"9,000","1,500","5,500",2023,8
(선)홍어,방어진,2미,S/P,62.8,1.0,"8,000","5,000","7,400",2023,8
(선)홍어,축산,대,S/P,72.4,1.0,"8,000","5,000","6,100",2023,8
(선)홍어,방어진,대,S/P,26.5,20.0,"50,000","8,000","9,600",2023,8
(선)홍어,방어진,3미,S/P,17.8,1.0,"5,000","5,000","5,000",2023,8
(선)홍어,속초,대,S/P,54.8,1.0,"6,500","2,000","2,900",2023,8
(선)홍어,완도,중,kg,11,1.0,"7,000","7,000","7,000",2023,8
(선)홍어,태안,중,kg,12.4,1.0,"6,500","4,000","6,100",2023,8
(선)홍어,방어진,1미,S/P,148,1.0,"7,500","2,500","5,100",2023,8
(선)홍어,포항,대,S/P,56.6,1.0,"4,000","4,000","4,000",2023,8
(선)홍어,목포,중,kg,4.9,1.0,"2,000","2,000","2,000",2023,8
(선)홍어,방어진,중,S/P,40,1.0,"5,000","5,000","5,000",2023,9
(선)홍어,인천,중,c/s(상자),7,15.0,"170,000","170,000","170,000",2023,9
(선)홍어,방어진,4미,S/P,14,1.0,"6,000","6,000","6,000",2023,9
(선)홍어,포항,대,S/P,59,1.0,"10,000","3,000","8,900",2023,9
(선)홍어,방어진,1미,S/P,150.8,1.0,"9,500","5,000","8,000",2023,9
(선)홍어,방어진,중,kg,30.1,1.0,"9,000","9,000","9,000",2023,9
(선)홍어,방어진,중,S/P,6,20.0,"92,700","39,000","76,600",2023,9
(선)홍어,태안,중,kg,21.7,1.0,"11,000","10,000","10,400",2023,9
(선)홍어,방어진,3미,S/P,1,10.0,"50,000","50,000","50,000",2023,9
(선)홍어,군산,대,S/P,81,20.0,"5,000","5,000","5,000",2023,9
(선)홍어,방어진,2미,S/P,1,7.0,"70,000","70,000","70,000",2023,9
(선)홍어,안흥,중,kg,"1,229.5",1.0,"9,500","3,000","5,100",2023,9
(선)홍어,포항,2미,S/P,8.5,1.0,"10,000","10,000","10,000",2023,9
(선)홍어,방어진,2미,S/P,4,20.0,"120,000","120,000","120,000",2023,9
(선)홍어,방어진,대,S/P,104.8,4.0,"5,000","4,500","4,600",2023,9
(선)홍어,군산,대,S/P,245.1,1.0,"13,000","2,200","6,500",2023,9
(선)홍어,방어진,3미,S/P,59.3,1.0,"9,000","5,000","6,200",2023,9
(선)홍어,방어진,대,S/P,1,20.0,"100,000","100,000","100,000",2023,9
(선)홍어,목포,대,S/P,85,1.0,"6,000","6,000","6,000",2023,9
(선)홍어,방어진,2미,S/P,367.1,1.0,"10,000","4,500","7,900",2023,9
(선)홍어,방어진,대,S/P,"1,522.8",1.0,"9,500","3,000","5,900",2023,9
(선)홍어,신안,대,S/P,18.5,1.0,"7,000","7,000","7,000",2023,9
(선)홍어,방어진,대,S/P,983.0,1.0,"9,000","4,500","6,500",2023,10
(선)홍어,부산(기장),대,S/P,56.6,1.0,"20,000","8,000","8,200",2023,10
(선)홍어,포항,대,S/P,123.7,1.0,"11,000","5,500","6,600",2023,10
(선)홍어,방어진,1미,S/P,142.0,1.0,"9,000","2,000","7,200",2023,10
(선)홍어,방어진,중,kg,18.0,1.0,"7,000","7,000","7,000",2023,10
(선)홍어,방어진,중,S/P,1.0,20.0,"70,000","70,000","70,000",2023,10
(선)홍어,태안,중,kg,134.8,1.0,"10,000",300,"5,900",2023,10
(선)홍어,포항,중,kg,37.4,1.0,"7,500","1,500","5,900",2023,10
(선)홍어,방어진,대,S/P,1.0,10.0,"96,300","96,300","96,300",2023,10
(선)홍어,안흥,대,가구,240.2,1.0,"10,000","6,500","9,500",2023,10
(선)홍어,방어진,1미,S/P,1.0,8.0,"55,000","55,000","55,000",2023,10
(선)홍어,안흥,중,kg,363.8,1.0,"13,500","7,000","11,700",2023,10
(선)홍어,방어진,대,S/P,25.4,4.0,"8,000","8,000","8,000",2023,10
(선)홍어,군산,대,S/P,276.0,1.0,"11,000","6,000","9,500",2023,10
(선)홍어,방어진,3미,S/P,8.0,1.0,"5,000","5,000","5,000",2023,10
(선)홍어,방어진,대,S/P,2.0,20.0,"120,000","100,000","110,000",2023,10
(선)홍어,방어진,2미,S/P,47.2,1.0,"8,500","5,000","7,900",2023,10
(선)홍어,안흥,대,S/P,2.0,1.0,"5,000","5,000","5,000",2023,10
(선)병어,태안,중,kg,2.2,1.0,"27,000","27,000","27,000",2023,11
(선)홍어,감포,1미,S/P,38.6,1.0,"8,000","7,000","7,800",2023,11
(선)홍어,방어진,대,S/P,1,7.0,"49,500","49,500","49,500",2023,11
(선)홍어,방어진,3미,kg,18.7,1.0,"6,500","6,000","6,200",2023,11
(선)홍어,목포,3미,S/P,58,1.0,"9,000","8,000","8,500",2023,11
(선)홍어,포항,대,kg,73.7,1.0,"9,000","6,500","8,400",2023,11
(선)홍어,포항,중,kg,24.6,1.0,"6,000","6,000","6,000",2023,11
(선)홍어,태안,중,kg,"1,031.9",1.0,"11,500","3,000","8,100",2023,11
(선)홍어,목포,2미,S/P,20,1.0,"9,500","9,500","9,500",2023,11
(선)홍어,방어진,중,kg,289.1,1.0,"8,500","5,000","7,100",2023,11
(선)홍어,방어진,1미,S/P,31,1.0,"9,000","4,500","6,800",2023,11
(선)홍어,포항,대,S/P,177.1,1.0,"8,000","4,000","7,000",2023,11
(선)홍어,대천,중,kg,900.5,1.0,"10,000","5,500","7,600",2023,11
(선)홍어,방어진,6미,S/P,23.8,1.0,"7,000","7,000","7,000",2023,11
(선)홍어,부산(기장),대,S/P,19.6,1.0,"8,000","6,000","6,500",2023,11
(선)홍어,태안,대,가구,449,1.0,"10,500","5,000","8,000",2023,11
(선)홍어,안흥,중,kg,228.1,1.0,"11,000","3,500","7,800",2023,11
(선)홍어,방어진,1미,kg,45.8,1.0,"10,000","4,000","7,800",2023,11
(선)홍어,강구,대,kg,41.2,1.0,"8,500","7,500","8,000",2023,11
(선)홍어,방어진,대,kg,189.5,1.0,"9,000","4,500","6,500",2023,11
(선)홍어,후포,중,kg,5.6,1.0,"8,000","8,000","8,000",2023,11
(선)홍어,안흥,14미,S/P,1,13.0,"39,000","39,000","39,000",2023,11
(선)홍어,방어진,2미,kg,67.1,1.0,"9,000","4,000","7,600",2023,11
(선)홍어,방어진,대,S/P,"1,351.1",1.0,"9,000","4,000","7,200",2023,11
(선)홍어,방어진,2미,S/P,92.9,1.0,"8,000","4,500","6,400",2023,11
(선)홍어,방어진,대,S/P,4,20.0,"100,000","75,000","87,500",2023,11
(선)홍어,방어진,3미,S/P,15.7,1.0,"8,000","8,000","8,000",2023,11
(선)홍어,군산,대,S/P,260,1.0,"11,000","6,000","8,900",2023,11
(선)홍어,방어진,1미,c/s(상자),20.5,1.0,"9,000","5,500","7,600",2023,11
(선)홍어,서산,대,가구,39.3,1.0,"10,000","6,000","8,300",2023,11
(선)홍어,군산,중,kg,40,1.0,"9,500","9,500","9,500",2023,11
(선)홍어,방어진,대,c/s(상자),25,1.0,"8,000","8,000","8,000",2023,11
(선)홍어,태안,대,S/P,391,1.0,"11,000","3,000","8,100",2023,11
(선)홍어,군산,대,kg,84,1.0,"13,000","10,000","12,900",2023,11
(선)홍어,방어진,대,kg,9.9,1.0,"4,000","4,000","4,000",2023,12
(선)홍어,신안,11미,S/P,697.4,1.0,"3,000","3,000","3,000",2023,12
(선)홍어,안흥,중,S/P,2,17.0,"119,000","119,000","119,000",2023,12
(선)홍어,태안,중,kg,"6,707.5",1.0,"10,000","1,500","3,700",2023,12
(선)홍어,인천,대,S/P,17.8,1.0,"4,500","3,000","3,600",2023,12
(선)홍어,안흥,중,S/P,1,20.0,"140,000","140,000","140,000",2023,12
(선)홍어,방어진,1미,S/P,15.8,1.0,"9,000","9,000","9,000",2023,12
(선)홍어,포항,대,S/P,189.3,1.0,"4,000","2,000","2,700",2023,12
(선)홍어,대천,중,kg,"7,045",1.0,"8,000","2,500","5,200",2023,12
(선)홍어,방어진,6미,S/P,13.6,1.0,"3,000","2,500","2,700",2023,12
(선)홍어,신안,대,S/P,"4,410.3",1.0,"5,500","3,000","3,700",2023,12
(선)홍어,태안,대,가구,"5,012.1",1.0,"6,000","2,200","3,600",2023,12
(선)홍어,군산,중,S/P,124.6,1.0,"10,000","3,000","6,900",2023,12
(선)홍어,안흥,중,S/P,1,18.0,"126,000","126,000","126,000",2023,12
(선)홍어,포항,대,S/P,1,15.0,"38,000","38,000","38,000",2023,12
(선)홍어,신안,대,kg,"1,146",1.0,"4,000","2,700","2,900",2023,12
(선)홍어,군산,대,kg,20.1,1.0,"6,000","6,000","6,000",2023,12
(선)홍어,신안,4미,S/P,515.1,1.0,"9,000","4,000","6,100",2023,12
(선)홍어,포항,대,kg,88.3,1.0,"4,500",300,"1,500",2023,12
(선)홍어,안흥,대,가구,"1,560.7",1.0,"8,000","4,500","5,800",2023,12
(선)홍어,주문진,중,kg,7,1.0,"8,000","8,000","8,000",2023,12
(선)홍어,신안,중,kg,534,1.0,"3,200","3,200","3,200",2023,12
(선)홍어,방어진,대,S/P,204.4,1.0,"9,000","2,500","5,900",2023,12
(선)홍어,목포,대,S/P,"1,208.1",1.0,"7,000","3,700","4,200",2023,12
(선)홍어,안흥,중,S/P,1,19.0,"133,000","133,000","133,000",2023,12
(선)홍어,신안,7미,S/P,82,1.0,"4,000","4,000","4,000",2023,12
(선)홍어,방어진,3미,S/P,46.6,1.0,"7,500","3,000","5,400",2023,12
(선)홍어,군산,대,S/P,134,1.0,"13,000","5,000","10,300",2023,12
(선)홍어,목포,9미,S/P,300.1,1.0,"7,500","6,000","6,600",2023,12
(선)홍어,군산,중,kg,19.7,1.0,"7,000","6,000","6,600",2023,12
(선)홍어,안흥,중,S/P,1,15.0,"105,000","105,000","105,000",2023,12
(선)홍어,안흥,중,kg,"4,202.5",1.0,"11,000","1,000","3,800",2023,12
(선)홍어,안흥,중,S/P,2,16.0,"112,000","112,000","112,000",2023,12
(선)홍어,신안,8미,S/P,"2,841.1",1.0,"6,000","2,000","3,600",2023,12
(선)홍어,서천,중,kg,14.8,1.0,"9,000","9,000","9,000",2023,12
(선)홍어,인천,대,가구,204.6,1.0,"12,000","10,000","10,500",2023,12
(선)홍어,군산,대,S/P,4,3.0,"8,000","8,000","8,000",2023,12
(선)홍어,안흥,대,S/P,"1,132",1.0,"6,000","3,700","4,100",2023,12
(선)홍어,방어진,대,kg,124.4,1.0,"6,000","4,000","5,700",2024,1
(선)홍어,목포,중,kg,831.3,1.0,"7,500","3,500","5,000",2024,1
(선)홍어,대천,중,kg,"14,428.1",1.0,"10,500","2,500","5,000",2024,1
(선)홍어,목포,2미,kg,35,1.0,"4,000","4,000","4,000",2024,1
(선)홍어,인천,대,kg,326.5,1.0,"8,000","4,300","4,500",2024,1
(선)홍어,방어진,1미,S/P,31.2,1.0,"5,500","3,000","4,100",2024,1
(선)홍어,방어진,중,kg,115.1,1.0,"6,500","5,000","6,000",2024,1
(선)홍어,방어진,중,S/P,2,21.0,"147,000","147,000","147,000",2024,1
(선)홍어,태안,중,kg,"2,988.3",1.0,"8,000","2,500","6,500",2024,1
(선)홍어,축산,중,kg,29.7,1.0,"8,000","6,500","7,300",2024,1
(선)홍어,목포,대,kg,"1,629",1.0,"6,000","3,500","4,800",2024,1
(선)홍어,인천,중,kg,289.5,1.0,"7,000","5,000","5,800",2024,1
(선)홍어,태안,대,S/P,"2,146.3",1.0,"3,700","3,000","3,500",2024,1
(선)홍어,군산,대,S/P,59.8,1.0,"3,500","3,500","3,500",2024,1
(선)홍어,목포,중,S/P,82,1.0,"4,000","4,000","4,000",2024,1
(선)홍어,목포,대,S/P,"1,700.1",1.0,"5,500","2,800","3,900",2024,1
(선)홍어,방어진,2미,S/P,12.2,1.0,"4,500","3,000","3,800",2024,1
(선)홍어,방어진,대,S/P,162.8,1.0,"7,500","3,500","5,300",2024,1
(선)홍어,인천,중,S/P,15,30.0,"210,000","210,000","210,000",2024,1
(선)홍어,태안,대,kg,"2,308.1",1.0,"3,500","1,500","1,900",2024,1
(활)홍어,태안,중,kg,107.1,1.0,"11,000","3,000","6,500",2024,2
(선)홍어,태안,중,kg,"4,801.9",1.0,"12,000",500,"4,100",2024,2
(선)홍어,인천,대,S/P,406.2,1.0,"4,500","2,500","3,800",2024,2
(선)홍어,군산,대,S/P,13,15.0,"140,000","120,000","124,600",2024,2
(선)홍어,방어진,중,kg,48,1.0,"5,000","5,000","5,000",2024,2
(선)홍어,신안,중,kg,243,1.0,"7,500","6,000","7,300",2024,2
(선)홍어,신안,6미,S/P,"1,075.6",1.0,"4,000","4,000","4,000",2024,2
(선)홍어,방어진,1미,S/P,12.5,1.0,"4,000","4,000","4,000",2024,2
(선)홍어,목포,8미,S/P,340.4,1.0,"5,500","5,200","5,300",2024,2
(선)홍어,군산,대,S/P,1,5.0,"40,000","40,000","40,000",2024,2
(선)홍어,대천,중,kg,"4,835.6",1.0,"10,000","2,000","5,100",2024,2
(선)홍어,신안,대,S/P,760.4,1.0,"8,000","5,000","7,000",2024,2
(선)홍어,목포,중,kg,943.1,1.0,"8,500","7,000","8,100",2024,2
(선)홍어,신안,대,kg,606,1.0,"7,000","6,000","6,700",2024,2
(선)홍어,신안,중,S/P,"1,082.3",1.0,"8,000","4,200","5,800",2024,2
(선)홍어,군산,대,kg,60,1.0,"6,500","6,000","6,300",2024,2
(선)홍어,인천,중,S/P,43,20.0,"130,000","110,000","120,700",2024,2
(선)홍어,안흥,1미,kg,8,1.0,"1,000","1,000","1,000",2024,2
(선)홍어,방어진,대,S/P,1,10.0,"70,000","70,000","70,000",2024,2
(선)홍어,목포,10미,S/P,90.8,1.0,"5,000","4,500","4,600",2024,2
(선)홍어,방어진,중,S/P,161.4,1.0,"7,000","5,000","6,400",2024,2
(선)홍어,방어진,대,S/P,"1,230.5",1.0,"10,000","2,000","4,700",2024,2
(선)홍어,방어진,2미,S/P,34.8,1.0,"5,000","4,000","4,500",2024,2
(선)홍어,축산,대,S/P,140.1,1.0,"8,000","3,500","7,100",2024,2
(선)홍어,목포,대,S/P,"8,190.5",1.0,"9,000","1,800","4,900",2024,2
(선)홍어,완도,대,S/P,175.4,1.0,"2,800","2,500","2,500",2024,2
(선)홍어,군산,대,S/P,"2,961.2",1.0,"7,000","1,000","3,700",2024,2
(선)홍어,강구,대,S/P,13.4,1.0,"2,500","2,500","2,500",2024,2
(선)홍어,목포,9미,S/P,16,1.0,"4,500","4,500","4,500",2024,2
(선)홍어,군산,중,kg,465.7,1.0,"7,000","2,000","3,700",2024,2
(선)홍어,방어진,1미,S/P,1,15.0,"77,600","77,600","77,600",2024,2
(선)홍어,태안,대,S/P,"2,240",1.0,"4,500","1,700","3,000",2024,2
(선)홍어,방어진,1미,kg,10.5,1.0,"7,000","7,000","7,000",2024,2
(선)홍어,목포,대,kg,87,1.0,"5,000","4,500","4,800",2024,2
(선)홍어,안흥,중,kg,842.2,1.0,"9,000","3,300","4,300",2024,2
(선)홍어,목포,3미,S/P,184,1.0,"6,500","6,500","6,500",2024,2
(선)홍어,목포,4미,S/P,27.3,1.0,"6,500","6,500","6,500",2024,2
(활)홍어,대천,중,kg,105.3,1.0,"5,000","3,500","4,000",2024,3
(활)홍어,태안,중,kg,32.8,1.0,"9,000","3,500","8,000",2024,3
(선)홍어,군산,대,S/P,9,15.0,"200,000","200,000","200,000",2024,3
(선)홍어,인천,대,S/P,74.8,1.0,"10,000","5,000","6,800",2024,3
(선)홍어,태안,중,S/P,"2,396.3",1.0,"5,500","2,000","2,700",2024,3
(선)홍어,태안,중,kg,"8,416.7",1.0,"10,000","1,000","5,200",2024,3
(선)홍어,안흥,2미,S/P,1,21.0,"126,000","126,000","126,000",2024,3
(선)홍어,안흥,2미,S/P,2,20.0,"120,000","120,000","120,000",2024,3
(선)홍어,목포,11미,S/P,76.5,1.0,"4,000","4,000","4,000",2024,3
(선)홍어,군산,대,S/P,4,10.0,"42,000","42,000","42,000",2024,3
(선)홍어,목포,10미,S/P,51.7,1.0,"4,000","4,000","4,000",2024,3
(선)홍어,목포,7미,kg,121.8,1.0,"7,000","5,000","6,000",2024,3
(선)홍어,포항,대,kg,29.9,1.0,"6,000","2,000","4,800",2024,3
(선)홍어,안흥,3미,S/P,1,20.0,"120,000","120,000","120,000",2024,3
(선)홍어,완도,중,S/P,7.4,1.0,"5,000","5,000","5,000",2024,3
(선)홍어,서산,대,S/P,40.6,1.0,"6,000","4,000","5,300",2024,3
(선)홍어,안흥,3미,S/P,1,22.0,"132,000","132,000","132,000",2024,3
(선)홍어,방어진,중,kg,25,1.0,"7,000","7,000","7,000",2024,3
(선)홍어,방어진,1미,S/P,31.9,1.0,"8,000","4,000","7,000",2024,3
(선)홍어,포항,대,S/P,24.9,1.0,"6,000","6,000","6,000",2024,3
(선)홍어,목포,8미,S/P,"1,385.2",1.0,"5,000","3,500","4,000",2024,3
(선)홍어,안흥,2미,S/P,63,15.0,"40,000","22,000","29,200",2024,3
(선)홍어,대천,중,kg,"1,153.9",1.0,"9,000","3,500","5,400",2024,3
(선)홍어,신안,대,S/P,728,1.0,"8,000","4,500","6,300",2024,3
(선)홍어,부산(기장),대,S/P,21.7,1.0,"6,000","5,300","5,700",2024,3
(선)홍어,서산,중,S/P,78.9,1.0,"4,000","4,000","4,000",2024,3
(선)홍어,목포,6미,S/P,342.5,1.0,"4,700","4,000","4,500",2024,3
(선)홍어,안흥,2미,S/P,6,18.0,"108,000","108,000","108,000",2024,3
(선)홍어,태안,대,kg,138.2,1.0,"8,800","8,800","8,800",2024,3
(선)홍어,포항,대,S/P,1,15.0,"50,000","50,000","50,000",2024,3
(선)홍어,신안,대,kg,129,1.0,"6,000","5,200","5,900",2024,3
(선)홍어,방어진,2미,S/P,1,15.0,"20,000","20,000","20,000",2024,3
(선)홍어,군산,대,kg,140.9,1.0,"9,000","7,000","9,000",2024,3
(선)홍어,목포,4미,S/P,206.7,1.0,"6,500","6,500","6,500",2024,3
(선)홍어,신안,8미,S/P,25,1.0,"6,000","6,000","6,000",2024,3
(선)홍어,방어진,대,S/P,2,15.0,"110,000","60,000","85,000",2024,3
(선)홍어,군산,대,S/P,296.7,1.0,"9,500","1,000","4,600",2024,3
(선)홍어,목포,5미,S/P,89.2,1.0,"5,000","4,000","4,800",2024,3
(선)홍어,인천,중,S/P,12,15.0,"110,000","110,000","110,000",2024,3
(선)홍어,안흥,2미,S/P,1,19.0,"114,000","114,000","114,000",2024,3
(선)홍어,목포,중,S/P,992.2,1.0,"5,000","2,200","3,500",2024,3
(선)홍어,신안,7미,S/P,50,1.0,"6,000","6,000","6,000",2024,3
(선)홍어,목포,5미,kg,99.8,1.0,"9,000","5,500","7,000",2024,3
(선)홍어,목포,대,S/P,"9,834.1",1.0,"50,000","3,200","4,600",2024,3
(선)홍어,방어진,2미,S/P,20.4,1.0,"3,500","2,500","3,100",2024,3
(선)홍어,방어진,대,S/P,572.9,1.0,"9,000","2,500","5,800",2024,3
(선)홍어,방어진,중,S/P,5.2,1.0,"8,000","8,000","8,000",2024,3
(선)홍어,목포,6미,kg,220.2,1.0,"5,500","5,000","5,100",2024,3
(선)홍어,방어진,중,S/P,1,15.0,"100,000","100,000","100,000",2024,3
(선)홍어,방어진,대,kg,196.5,1.0,"8,500","3,500","7,500",2024,3
(선)홍어,서산,대,kg,159.3,1.0,"10,000","5,500","8,600",2024,3
(선)홍어,안흥,4미,S/P,1,24.0,"144,000","144,000","144,000",2024,3
(선)홍어,안흥,3미,S/P,3,15.0,"30,000","22,000","27,300",2024,3
(선)홍어,완도,중,kg,69.7,1.0,"6,700","4,500","5,500",2024,3
(선)홍어,안흥,1미,S/P,12,10.0,"38,000","24,000","31,000",2024,3
(선)홍어,목포,7미,S/P,"1,129.9",1.0,"5,700","4,000","4,800",2024,3
(선)홍어,안흥,중,kg,"4,373.2",1.0,"10,000","2,500","5,400",2024,3
(선)홍어,목포,대,kg,"1,380.7",1.0,"6,500","3,000","5,400",2024,3
(선)홍어,인천,대,S/P,145.9,15.0,"4,500","4,500","4,500",2024,3
(선)홍어,목포,9미,kg,726.7,1.0,"6,300","5,500","5,900",2024,3
(선)홍어,인천,중,kg,27,1.0,"10,000","4,000","8,000",2024,3
(선)홍어,태안,대,S/P,"4,899.3",1.0,"9,000","2,000","4,000",2024,3
(선)홍어,목포,8미,kg,314,1.0,"6,300","5,000","6,200",2024,3
(선)홍어,안흥,3미,S/P,1,24.0,"144,000","144,000","144,000",2024,3
(선)홍어,군산,중,kg,122.2,1.0,"8,500","2,700","4,200",2024,3
(선)홍어,안흥,3미,S/P,1,23.0,"138,000","138,000","138,000",2024,3
(선)홍어,목포,9미,S/P,190,1.0,"4,000","4,000","4,000",2024,3
(선)홍어,안흥,1미,S/P,120,15.0,"50,000","21,000","32,500",2024,3
(선)홍어,신안,4미,S/P,16,1.0,"7,000","7,000","7,000",2024,3
(선)홍어,안흥,대,kg,20.9,1.0,"7,200","5,000","6,600",2024,4
(선)홍어,태안,중,kg,"1,579.5",1.0,"10,000","1,500","6,000",2024,4
(선)홍어,인천,대,S/P,41.6,1.0,"5,500","5,500","5,500",2024,4
(선)홍어,방어진,중,kg,10.7,1.0,"9,000","9,000","9,000",2024,4
(선)홍어,감포,대,S/P,114.9,1.0,"7,000","4,500","6,600",2024,4
(선)홍어,방어진,1미,S/P,7.4,1.0,"3,500","3,500","3,500",2024,4
(선)홍어,안흥,대,S/P,2,15.0,"25,000","25,000","25,000",2024,4
(선)홍어,인천,대,kg,"1,085.6",1.0,"7,500","2,800","4,900",2024,4
(선)홍어,대천,중,kg,"5,680.5",1.0,"9,000","3,300","5,100",2024,4
(선)홍어,신안,대,S/P,916.4,1.0,"8,000","3,000","4,200",2024,4
(선)홍어,목포,6미,S/P,402,1.0,"5,000","5,000","5,000",2024,4
(선)홍어,보령,대,S/P,76.4,1.0,"5,500","3,500","4,200",2024,4
(선)홍어,목포,중,kg,20.4,1.0,"5,000","5,000","5,000",2024,4
(선)홍어,태안,대,kg,253.9,1.0,"7,500","1,300","3,800",2024,4
(선)홍어,신안,대,kg,163.5,1.0,"8,000","5,500","6,600",2024,4
(선)홍어,인천,중,S/P,56,20.0,"130,000","130,000","130,000",2024,4
(선)홍어,안흥,중,S/P,5,5.0,"49,000","13,600","34,400",2024,4
(선)홍어,포항,중,kg,88.3,1.0,"5,500","4,000","5,200",2024,4
(선)홍어,강구,2미,S/P,124,1.0,"6,200","3,700","5,800",2024,4
(선)홍어,방어진,대,kg,65.3,1.0,"8,000","1,500","5,400",2024,4
(선)홍어,대천,중,S/P,1,25.0,"216,750","216,750","216,800",2024,4
(선)홍어,방어진,대,S/P,203,1.0,"8,000","5,000","6,500",2024,4
(선)홍어,방어진,2미,S/P,29.7,1.0,"7,000","5,000","6,300",2024,4
(선)홍어,목포,대,S/P,"3,646.4",1.0,"8,500","3,500","6,200",2024,4
(선)홍어,군산,대,S/P,40,1.0,"3,500","3,500","3,500",2024,4
(선)홍어,강구,1미,S/P,2.3,1.0,"3,500","3,500","3,500",2024,4
(선)홍어,태안,대,S/P,"4,614",1.0,"7,000",800,"3,400",2024,4
(선)홍어,인천,중,kg,605.8,1.0,"7,500","4,000","5,400",2024,4
(선)홍어,목포,대,kg,"2,162.2",1.0,"6,000","3,500","4,100",2024,4
(선)홍어,안흥,중,kg,"1,204.5",1.0,"9,500","2,200","5,600",2024,4
(선)홍어,목포,7미,S/P,161.4,1.0,"5,000","5,000","5,000",2024,4
(선)홍어,완도,중,kg,8.1,1.0,"3,500","3,500","3,500",2024,4
(선)홍어,방어진,대,S/P,3,15.0,"102,000","60,000","88,000",2024,4
(선)홍어,포항,대,kg,58.7,1.0,"8,500","7,500","7,800",2024,4
(선)홍어,진도,중,kg,37.7,1.0,"2,500","2,500","2,500",2024,4
(선)갑오징어,목포,대,S/P,2,3.0,"36,000","36,000","36,000",2024,5
(선)홍어,목포,7미,S/P,1,26.0,"169,000","169,000","169,000",2024,5
(선)홍어,목포,8미,S/P,166.1,1.0,"6,000","6,000","6,000",2024,5
(선)홍어,목포,3미,S/P,1,22.7,"204,300","204,300","204,300",2024,5
(선)홍어,목포,중,S/P,2,23.7,"213,300","213,300","213,300",2024,5
(선)홍어,방어진,1미,S/P,11.9,1.0,"10,000","10,000","10,000",2024,5
(선)홍어,목포,6미,S/P,1,28.3,"268,850","268,850","268,900",2024,5
(선)홍어,목포,중,S/P,1,24.0,"216,000","216,000","216,000",2024,5
(선)홍어,목포,중,S/P,2,22.9,"206,100","206,100","206,100",2024,5
(선)홍어,방어진,중,kg,396.9,1.0,"8,500","3,500","7,200",2024,5
(선)홍어,목포,중,S/P,3,25.6,"230,400","230,400","230,400",2024,5
(선)홍어,목포,3미,S/P,2,23.0,"207,000","207,000","207,000",2024,5
(선)홍어,목포,3미,S/P,1,23.7,"213,300","213,300","213,300",2024,5
(선)홍어,목포,3미,S/P,1,23.5,"211,500","211,500","211,500",2024,5
(선)홍어,방어진,중,S/P,1,20.0,"70,000","70,000","70,000",2024,5
(선)홍어,목포,중,S/P,2,23.5,"211,500","211,500","211,500",2024,5
(선)홍어,목포,대,S/P,1,15.0,"15,000","15,000","15,000",2024,5
(선)홍어,목포,6미,S/P,1,28.7,"186,550","186,550","186,600",2024,5
(선)홍어,목포,3미,S/P,1,22.6,"203,400","203,400","203,400",2024,5
(선)홍어,태안,중,kg,776.1,1.0,"6,000","1,000","3,200",2024,5
(선)홍어,목포,3미,S/P,1,22.2,"199,800","199,800","199,800",2024,5
(선)홍어,목포,3미,kg,560.4,1.0,"7,500","7,500","7,500",2024,5
(선)홍어,안흥,8미,S/P,1,17.0,"59,500","59,500","59,500",2024,5
(선)홍어,안흥,대,S/P,1,15.0,"15,000","15,000","15,000",2024,5
(선)홍어,인천,대,kg,"1,086.5",1.0,"8,000","2,700","5,000",2024,5
(선)홍어,통영,중,kg,552.4,1.0,"7,000",800,"2,800",2024,5
(선)홍어,안흥,6미,S/P,3,16.0,"64,000","56,000","61,300",2024,5
(선)홍어,목포,4미,S/P,28.2,1.0,"6,500","6,500","6,500",2024,5
(선)홍어,목포,중,S/P,3,23.2,"208,800","208,800","208,800",2024,5
(선)홍어,군산,대,kg,200,1.0,"3,500","3,000","3,200",2024,5
(선)홍어,목포,6미,S/P,1,27.5,"261,250","261,250","261,300",2024,5
(선)홍어,신안,대,kg,90,1.0,"2,000","2,000","2,000",2024,5
(선)홍어,태안,대,kg,272.6,1.0,"6,000","2,000","3,700",2024,5
(선)홍어,방어진,2미,S/P,8.6,11.0,"9,000","9,000","9,000",2024,5
(선)홍어,목포,6미,S/P,1,26.7,"173,550","173,550","173,600",2024,5
(선)홍어,목포,중,kg,399.8,1.0,"9,500","2,000","8,900",2024,5
(선)홍어,목포,중,S/P,2,25.9,"233,100","233,100","233,100",2024,5
(선)홍어,목포,3미,S/P,2,23.2,"208,800","208,800","208,800",2024,5
(선)홍어,목포,중,S/P,1,25.5,"229,500","229,500","229,500",2024,5
(선)홍어,목포,3미,S/P,2,24.0,"216,000","216,000","216,000",2024,5
(선)홍어,목포,중,S/P,1,23.1,"207,900","207,900","207,900",2024,5
(선)홍어,목포,3미,S/P,1,24.3,"218,700","218,700","218,700",2024,5
(선)홍어,목포,3미,S/P,1,22.4,"201,600","201,600","201,600",2024,5
(선)홍어,목포,3미,S/P,2,23.6,"212,400","212,400","212,400",2024,5
(선)홍어,신안,대,S/P,619.8,1.0,"6,000","2,000","3,600",2024,5
(선)홍어,대천,중,kg,"7,508.7",1.0,"10,000","2,500","5,600",2024,5
(선)홍어,목포,3미,S/P,1,22.8,"205,200","205,200","205,200",2024,5
(선)홍어,목포,3미,S/P,1,23.4,"210,600","210,600","210,600",2024,5
(선)홍어,후포,3미,S/P,15.5,1.0,"10,000","9,000","9,700",2024,5
(선)홍어,목포,중,S/P,1,23.0,"207,000","207,000","207,000",2024,5
(선)홍어,목포,중,S/P,1,25.2,"226,800","226,800","226,800",2024,5
(선)홍어,목포,9미,S/P,273.6,1.0,"7,700","6,000","6,500",2024,5
(선)홍어,안흥,8미,S/P,2,18.0,"63,000","63,000","63,000",2024,5
(선)홍어,안흥,6미,S/P,1,17.0,"68,000","68,000","68,000",2024,5
(선)홍어,목포,중,S/P,1,26.0,"234,000","234,000","234,000",2024,5
(선)홍어,목포,8미,S/P,1,28.0,"182,000","182,000","182,000",2024,5
(선)홍어,군산,대,S/P,101.1,1.0,"5,000","2,000","3,200",2024,5
(선)홍어,방어진,3미,S/P,17.4,1.0,"6,000","6,000","6,000",2024,5
(선)홍어,목포,3미,S/P,1,24.2,"217,800","217,800","217,800",2024,5
(선)홍어,목포,중,S/P,915.5,1.0,"7,000","3,000","5,300",2024,5
(선)홍어,목포,대,S/P,"10,267.6",1.0,"9,500","3,000","7,900",2024,5
(선)홍어,태안,대,S/P,13,15.0,"30,000","30,000","30,000",2024,5
(선)홍어,방어진,대,S/P,"1,011.6",1.0,"7,500","2,500","4,000",2024,5
(선)홍어,목포,6미,S/P,1,27.7,"180,050","180,050","180,100",2024,5
(선)홍어,목포,6미,kg,171.8,1.0,"8,800","7,500","8,100",2024,5
(선)홍어,목포,중,S/P,1,22.5,"202,500","202,500","202,500",2024,5
(선)홍어,방어진,7미,S/P,52.6,1.0,"6,000","6,000","6,000",2024,5
(선)홍어,목포,10미,kg,124.9,1.0,"8,000","7,700","7,800",2024,5
(선)홍어,목포,중,S/P,1,25.7,"231,300","231,300","231,300",2024,5
(선)홍어,방어진,대,kg,124,1.0,"7,000","2,700","5,100",2024,5
(선)홍어,안흥,대,kg,99.1,1.0,"8,500","2,000","4,500",2024,5
(선)홍어,목포,중,S/P,1,23.8,"214,200","214,200","214,200",2024,5
(선)홍어,목포,8미,kg,316.3,1.0,"8,500","7,500","7,800",2024,5
(선)홍어,목포,10미,S/P,167.4,1.0,"7,700","7,700","7,700",2024,5
(선)홍어,목포,7미,kg,29.6,1.0,"7,500","7,500","7,500",2024,5
(선)홍어,목포,3미,S/P,"1,051.3",1.0,"7,000","6,500","6,700",2024,5
(선)홍어,목포,중,S/P,1,23.3,"209,700","209,700","209,700",2024,5
(선)홍어,목포,6미,S/P,1,28.2,"183,300","183,300","183,300",2024,5
(선)홍어,목포,중,S/P,1,27.0,"243,000","243,000","243,000",2024,5
(선)홍어,목포,중,S/P,1,22.3,"200,700","200,700","200,700",2024,5
(선)홍어,목포,6미,S/P,3,28.6,"271,700","185,900","243,100",2024,5
(선)홍어,안흥,8미,S/P,1,16.0,"72,000","72,000","72,000",2024,5
(선)홍어,안흥,7미,S/P,1,17.0,"59,500","59,500","59,500",2024,5
(선)홍어,목포,3미,S/P,3,23.3,"209,700","209,700","209,700",2024,5
(선)홍어,목포,중,S/P,1,24.2,"217,800","217,800","217,800",2024,5
(선)홍어,목포,7미,S/P,22.8,1.0,"7,700","7,700","7,700",2024,5
(선)홍어,안흥,중,kg,"1,490.4",1.0,"9,000","1,300","5,000",2024,5
(선)홍어,목포,대,kg,"2,171.9",1.0,"6,000","1,800","3,100",2024,5
(선)홍어,목포,중,S/P,1,26.3,"236,700","236,700","236,700",2024,5
(선)홍어,목포,중,S/P,1,23.6,"212,400","212,400","212,400",2024,5
(선)홍어,목포,9미,kg,60,1.0,"8,000","8,000","8,000",2024,5
(선)홍어,목포,3미,S/P,1,23.8,"214,200","214,200","214,200",2024,5
(선)홍어,안흥,7미,S/P,1,16.0,"56,000","56,000","56,000",2024,5
(선)홍어,태안,대,S/P,"3,156.1",1.0,"7,000","1,000","2,100",2024,5
(선)홍어,목포,중,S/P,1,26.5,"238,500","238,500","238,500",2024,5
(선)홍어,안흥,대,S/P,237.5,1.0,"9,000","1,300","4,100",2024,5
(선)홍어,방어진,대,kg,31.7,1.0,"4,000","4,000","4,000",2024,6
(선)홍어,목포,중,kg,527,1.0,"8,500","8,500","8,500",2024,6
(선)홍어,목포,6미,S/P,112,1.0,"8,500","8,000","8,400",2024,6
(선)홍어,목포,8미,S/P,133.1,1.0,"8,000","7,000","7,800",2024,6
(선)홍어,방어진,중,kg,94.4,1.0,"7,000","6,000","6,300",2024,6
(선)홍어,목포,2미,S/P,19.2,1.0,"9,000","9,000","9,000",2024,6
(선)홍어,태안,중,kg,40.2,1.0,"9,000","5,000","6,800",2024,6
(선)홍어,완도,대,kg,12.8,1.0,"6,200","6,200","6,200",2024,6
(선)홍어,목포,10미,S/P,121.7,1.0,"7,300","7,300","7,300",2024,6
(선)홍어,목포,3미,S/P,87.3,1.0,"8,500","8,000","8,200",2024,6
(선)홍어,목포,7미,S/P,28.9,1.0,"5,000","5,000","5,000",2024,6
(선)홍어,안흥,중,kg,62.2,1.0,"9,500","3,500","6,100",2024,6
(선)홍어,목포,9미,S/P,528.4,1.0,"8,000","7,000","7,500",2024,6
(선)홍어,방어진,대,S/P,"1,393.3",1.0,"8,500","3,500","6,000",2024,6
(선)홍어,안흥,대,S/P,78.2,1.0,"8,500","5,000","8,100",2024,6
(냉)홍어,인천,중,kg,63.3,1.0,"1,000","1,000","1,000",2024,6
(선)홍어,강구,대,kg,30.5,1.0,"8,000","7,000","7,800",2024,7
(선)홍어,방어진,6미,S/P,54.1,1.0,"8,000","5,500","6,500",2024,7
(선)홍어,축산,대,kg,26.6,1.0,"6,000","6,000","6,000",2024,7
(선)홍어,군산,중,kg,12.0,10.0,"100,000","90,000","99,200",2024,7
(선)홍어,포항,대,S/P,14.0,1.0,"7,500","7,500","7,500",2024,7
(선)홍어,방어진,중,kg,55.4,1.0,"9,000","9,000","9,000",2024,7
(선)홍어,군산,특대,S/P,100.0,1.0,"4,500","4,500","4,500",2024,7
(선)홍어,군산,대,S/P,16.0,15.0,"100,000","32,000","66,000",2024,7
(선)홍어,임원,대,S/P,38.3,1.0,"7,000","5,000","5,800",2024,7
(선)홍어,태안,중,kg,237.7,1.0,"2,700","1,500","2,100",2024,7
(선)홍어,포항,중,kg,10.3,1.0,"5,500","5,500","5,500",2024,7
(선)홍어,포항,대,kg,21.5,1.0,"8,000","8,000","8,000",2024,7
(선)홍어,포항,대,S/P,1.0,20.0,"50,000","50,000","50,000",2024,7
(선)홍어,군산,대,S/P,20.0,20.0,"70,000","50,000","61,600",2024,7
(선)홍어,방어진,1미,kg,90.3,1.0,"8,000","5,500","7,300",2024,7
(선)홍어,군산,중,kg,60.0,1.0,"3,500","3,500","3,500",2024,7
(선)홍어,강구,대,S/P,10.3,1.0,"6,000","6,000","6,000",2024,7
(선)홍어,군산,대,S/P,540.0,1.0,"5,000","3,500","4,300",2024,7
(선)홍어,완도,대,S/P,60.0,1.0,"4,000","4,000","4,000",2024,7
(선)홍어,방어진,대,S/P,646.1,1.0,"8,000",500,"6,000",2024,7
(선)홍어,방어진,2미,kg,12.5,1.0,"6,000","6,000","6,000",2024,7
(선)홍어,방어진,대,kg,290.5,1.0,"8,500","2,000","5,400",2024,7
(선)홍어,군산,대,kg,660.0,1.0,"6,500","4,000","4,500",2024,7
(냉)홍어,방어진,1미,kg,84.8,1.0,"3,000","1,500","2,300",2024,7
(선)홍어,태안,중,S/P,116.1,1.0,"3,500","3,500","3,500",2024,8
(선)홍어,군산,대,kg,446.7,1.0,"4,000","3,300","3,400",2024,8
(선)홍어,군산,대,S/P,1,17.0,"68,000","68,000","68,000",2024,8
(선)홍어,보령,대,S/P,5,20.0,"74,000","74,000","74,000",2024,8
(선)홍어,군산,특대,kg,100,1.0,"3,000","3,000","3,000",2024,8
(선)홍어,대천,중,kg,"1,617",1.0,"7,000","6,000","6,500",2024,8
(선)홍어,방어진,1미,S/P,13,1.0,"6,000","2,000","3,000",2024,8
(선)홍어,방어진,중,kg,97.9,1.0,"7,000","5,000","6,400",2024,8
(선)홍어,군산,특대,S/P,520,1.0,"4,000","3,500","3,600",2024,8
(선)홍어,군산,대,S/P,25,15.0,"100,000","66,000","82,000",2024,8
(선)홍어,인천,대,S/P,207.8,1.0,"5,000","2,500","4,300",2024,8
(선)홍어,완도,대,kg,14.8,1.0,"6,500","3,500","5,100",2024,8
(선)홍어,군산,대,S/P,2,10.0,"74,000","74,000","74,000",2024,8
(선)홍어,군산,대,S/P,25,20.0,"90,000","60,000","70,300",2024,8
(선)홍어,방어진,대,S/P,3,15.0,"92,000","81,000","88,300",2024,8
(선)홍어,속초,대,S/P,13.5,1.0,"3,000","3,000","3,000",2024,8
(선)홍어,안흥,중,kg,359,1.0,"10,000","5,500","6,800",2024,8
(선)홍어,인천,대,S/P,2,15.0,"927,000","610,000","768,500",2024,8
(선)홍어,방어진,1미,kg,30.4,1.0,"7,000","7,000","7,000",2024,8
(선)홍어,방어진,1미,S/P,1,15.0,"75,000","75,000","75,000",2024,8
(선)홍어,군산,대,S/P,"3,091.5",1.0,"5,000","1,200","3,600",2024,8
(선)홍어,방어진,대,S/P,383,1.0,"8,000","1,000","6,300",2024,8
(선)홍어,방어진,대,kg,157.8,1.0,"7,000","6,500","6,600",2024,8
(선)홍어,군산,특대,S/P,4,20.0,"70,000","70,000","70,000",2024,8
(선)홍어,방어진,대,kg,72.7,1.0,"5,000","3,000","4,800",2024,9
(선)홍어,군산,대,kg,"2,320",1.0,"6,500","3,000","4,500",2024,9
(선)홍어,목포,중,kg,184.4,1.0,"6,500","2,000","4,400",2024,9
(선)홍어,보령,대,S/P,19,20.0,"100,000","98,000","98,900",2024,9
(선)홍어,대천,중,kg,"6,010.7",1.0,"12,000","4,000","6,500",2024,9
(선)홍어,방어진,4미,S/P,36.9,1.0,"8,500","8,500","8,500",2024,9
(선)홍어,방어진,1미,S/P,15.4,1.0,"10,000","5,000","7,700",2024,9
(선)홍어,군산,대,S/P,8,15.0,"140,000","105,000","121,300",2024,9
(선)홍어,군산,7미,S/P,2,20.0,"100,000","100,000","100,000",2024,9
(선)홍어,태안,중,kg,168.6,1.0,500,500,500,2024,9
(선)홍어,군산,중,S/P,4,17.0,"76,000","76,000","76,000",2024,9
(선)홍어,방어진,2미,S/P,1,8.0,"50,000","50,000","50,000",2024,9
(선)홍어,군산,대,S/P,40,20.0,"100,000","90,000","95,400",2024,9
(선)홍어,완도,중,kg,9.1,1.0,"1,000","1,000","1,000",2024,9
(선)홍어,목포,9미,kg,62.1,1.0,"7,000","7,000","7,000",2024,9
(선)홍어,방어진,1미,kg,10.6,1.0,"8,000","8,000","8,000",2024,9
(선)홍어,인천,중,kg,566.6,1.0,"1,300",200,600,2024,9
(선)홍어,군산,9미,S/P,3,20.0,"90,000","90,000","90,000",2024,9
(선)홍어,군산,대,S/P,"1,507.3",1.0,"7,000","3,300","5,000",2024,9
(선)홍어,군산,11미,S/P,10,15.0,"100,000","100,000","100,000",2024,9
(선)홍어,방어진,3미,S/P,106,1.0,"6,000","5,500","5,900",2024,9
(선)홍어,목포,5미,kg,57,1.0,"9,000","9,000","9,000",2024,9
(선)홍어,목포,대,S/P,54.7,1.0,"5,500","5,500","5,500",2024,9
(선)홍어,군산,대,S/P,14,18.0,"90,000","81,000","86,800",2024,9
(선)홍어,방어진,2미,S/P,19,1.0,"8,000","8,000","8,000",2024,9
(선)홍어,방어진,대,S/P,389.4,1.0,"8,000","5,000","5,900",2024,9
(선)홍어,목포,6미,kg,142.2,1.0,"9,000","9,000","9,000",2024,9
(선)홍어,군산,특대,S/P,14,20.0,"100,000","90,000","92,900",2024,9
(선)홍어,군산,중,S/P,16,20.0,"90,000","80,000","87,500",2024,10
(선)홍어,군산,대,kg,660,1.0,"5,300","3,000","4,100",2024,10
(선)홍어,보령,대,S/P,12,20.0,"80,000","80,000","80,000",2024,10
(선)홍어,군산,중,S/P,280,1.0,"4,700","4,000","4,300",2024,10
(선)홍어,대천,중,kg,"3,325.2",1.0,"11,000","2,000","5,700",2024,10
(선)홍어,인천,대,kg,301.7,1.0,"8,000","4,000","5,700",2024,10
(선)홍어,인천,중,S/P,191.9,1.0,"6,000","4,500","4,800",2024,10
(선)홍어,목포,8미,S/P,241.3,1.0,"4,500","4,000","4,100",2024,10
(선)홍어,방어진,1미,S/P,17.6,1.0,"9,000","8,000","8,600",2024,10
(선)홍어,방어진,중,kg,80,1.0,"4,000","4,000","4,000",2024,10
(선)홍어,군산,특대,S/P,380,1.0,"5,000","3,700","4,300",2024,10
(선)홍어,인천,대,S/P,642.3,1.0,"8,000","5,700","6,300",2024,10
(선)홍어,태안,중,kg,41.6,1.0,"7,500","4,500","6,100",2024,10
(선)홍어,인천,대,kg,2,50.0,"550,000","550,000","550,000",2024,10
(선)홍어,군산,8미,S/P,2,15.0,"80,000","80,000","80,000",2024,10
(선)홍어,군산,10미,kg,340,1.0,"4,500",500,"2,800",2024,10
(선)홍어,군산,대,S/P,1,13.0,"54,000","54,000","54,000",2024,10
(선)홍어,군산,대,S/P,42,20.0,"94,000","80,000","87,400",2024,10
(선)홍어,인천,대,kg,1,2.0,"29,700","29,700","29,700",2024,10
(선)홍어,군산,8미,S/P,11,20.0,"110,000","90,000","102,700",2024,10
(선)홍어,안흥,중,kg,13.4,1.0,"8,000","4,000","7,600",2024,10
(선)홍어,군산,10미,S/P,8,20.0,"90,000","80,000","87,500",2024,10
(선)홍어,인천,중,kg,510.8,1.0,"8,500","2,000","4,900",2024,10
(선)홍어,군산,8미,S/P,120,1.0,"5,000","4,000","4,300",2024,10
(선)홍어,군산,중,kg,27.5,1.0,"2,000","2,000","2,000",2024,10
(선)홍어,목포,9미,S/P,82.9,1.0,"5,000","4,000","4,700",2024,10
(선)홍어,군산,중,S/P,1,10.0,"100,000","100,000","100,000",2024,10
(선)홍어,군산,대,S/P,"2,409.5",1.0,"8,000","3,300","4,300",2024,10
(선)홍어,목포,중,S/P,48,1.0,"7,500","7,500","7,500",2024,10
(선)홍어,목포,대,S/P,161.3,1.0,"7,500","7,500","7,500",2024,10
(선)홍어,방어진,대,S/P,728.4,1.0,"9,000","3,000","5,500",2024,10
(선)홍어,방어진,대,kg,566.1,1.0,"8,000","2,000","5,200",2024,10
(선)홍어,군산,중,S/P,1,15.0,"100,000","100,000","100,000",2024,10
(선)홍어,군산,중,S/P,25,20.0,"90,000","84,000","85,700",2024,11
(선)홍어,태안,1미,kg,3.9,1.0,"3,500","3,500","3,500",2024,11
(선)홍어,군산,대,S/P,42,20.0,"140,000","64,000","86,700",2024,11
(선)홍어,강화,대,S/P,250.2,1.0,"11,000","9,000","10,300",2024,11
(선)홍어,군산,2미,S/P,2,7.0,"70,000","70,000","70,000",2024,11
(선)홍어,죽변,2미,S/P,2,15.0,"84,000","73,800","78,900",2024,11
(선)홍어,군산,1미,S/P,1,7.0,"70,000","70,000","70,000",2024,11
(선)홍어,태안,중,kg,38.5,1.0,"8,000","2,000","6,300",2024,11
(선)홍어,인천,대,S/P,38.8,1.0,"10,000","5,000","8,500",2024,11
(선)홍어,군산,7미,S/P,7,20.0,"90,000","90,000","90,000",2024,11
(선)홍어,군산,대,S/P,31,15.0,"80,000","80,000","80,000",2024,11
(선)홍어,목포,8미,S/P,173,1.0,"6,000","5,700","5,900",2024,11
(선)홍어,부산(기장),대,kg,40.1,1.0,"7,000","4,000","6,600",2024,11
(선)홍어,방어진,4미,S/P,206.4,1.0,"7,700","4,000","5,000",2024,11
(선)홍어,인천,대,kg,436,1.0,"10,000","2,000","8,100",2024,11
(선)홍어,부산(기장),대,S/P,18.2,1.0,"5,000","3,500","4,300",2024,11
(선)홍어,인천,중,kg,1,70.0,"782,800","782,800","782,800",2024,11
(선)홍어,태안,9미,kg,180,1.0,"4,000","3,700","3,800",2024,11
(선)홍어,군산,8미,S/P,10,20.0,"90,000","90,000","90,000",2024,11
(선)홍어,목포,7미,S/P,24,1.0,"6,000","6,000","6,000",2024,11
(선)홍어,군산,대,kg,7,20.0,"90,000","90,000","90,000",2024,11
(선)홍어,방어진,대,kg,372.3,1.0,"8,000","4,000","5,700",2024,11
(선)홍어,군산,9미,kg,140,1.0,"4,500","4,500","4,500",2024,11
(선)홍어,군산,10/11미,kg,320,1.0,"4,500","3,500","4,000",2024,11
(선)홍어,연평도,대,S/P,112.4,1.0,"10,000","1,000","5,700",2024,11
(선)홍어,방어진,대,S/P,688.9,1.0,"8,500","3,000","5,400",2024,11
(선)홍어,죽변,1미,kg,16.3,1.0,"7,700","7,700","7,700",2024,11
(선)홍어,인천,중,kg,1,4.0,"44,000","44,000","44,000",2024,11
(선)홍어,군산,대,S/P,"2,046.5",1.0,"9,000","2,800","4,400",2024,11
(선)홍어,속초,대,kg,41.4,1.0,"7,000","4,000","5,900",2024,11
(선)홍어,태안,9미,S/P,5,20.0,"80,000","70,000","78,000",2024,11
(선)홍어,인천,중,kg,344,1.0,"9,000","9,000","9,000",2024,11
(선)홍어,보령,7미,S/P,2,20.0,"90,000","90,000","90,000",2024,11
(선)홍어,군산,10미,S/P,1,20.0,"80,000","80,000","80,000",2024,11
(선)홍어,목포,대,kg,214.6,1.0,"8,000","2,500","7,000",2024,11
(선)홍어,안흥,중,kg,28.7,1.0,"10,000","6,000","8,700",2024,11
(선)홍어,군산,대,kg,"3,502.7",1.0,"10,000","2,500","4,000",2024,11
(선)홍어,태안,1미,S/P,59.8,1.0,"11,000","5,500","9,000",2024,12
(선)홍어,안흥,2미,S/P,1,10.0,"70,000","70,000","70,000",2024,12
(선)홍어,서산,3미,kg,128.1,1.0,"4,500","4,000","4,200",2024,12
(선)홍어,안흥,2미,S/P,2,22.0,"154,000","154,000","154,000",2024,12
(선)홍어,후포,1미,kg,41.5,1.0,"7,500","7,500","7,500",2024,12
(선)홍어,군산,대,S/P,5,15.0,"125,000","100,000","105,000",2024,12
(선)홍어,목포,18미,S/P,86.9,1.0,"5,500","5,500","5,500",2024,12
(선)홍어,목포,32미,kg,108,1.0,"5,500","5,500","5,500",2024,12
(선)홍어,인천,1미,S/P,2.6,1.0,"11,000","11,000","11,000",2024,12
(선)홍어,인천,대,S/P,46.8,1.0,"8,500","8,500","8,500",2024,12
(선)홍어,안흥,2미,kg,155.2,1.0,"8,000","4,000","6,300",2024,12
(선)홍어,태안,중,kg,516.4,1.0,"13,000","3,000","8,600",2024,12
(선)홍어,안흥,1미,kg,"1,810.2",1.0,"11,000","1,800","6,000",2024,12
(선)홍어,안흥,2미,S/P,3,21.0,"147,000","136,500","143,500",2024,12
(선)홍어,안흥,2미,S/P,1,20.0,"120,000","120,000","120,000",2024,12
(선)홍어,군산,바라,S/P,220,1.0,"3,300","3,300","3,300",2024,12
(선)홍어,목포,3/4미,S/P,"1,342.6",1.0,"6,500","5,000","6,100",2024,12
(선)홍어,인천,2미,kg,17.8,1.0,"6,000","6,000","6,000",2024,12
(선)홍어,군산,3/4미,S/P,5.5,1.0,"5,000","5,000","5,000",2024,12
(선)홍어,목포,7미,kg,725,1.0,"5,600","5,000","5,100",2024,12
(선)홍어,태안,2/3미,kg,244.6,1.0,"5,200","4,000","4,200",2024,12
(선)홍어,군산,6미,S/P,65,15.0,"55,000","5,000","6,800",2024,12
(선)홍어,안흥,3미,S/P,2,20.0,"140,000","140,000","140,000",2024,12
(선)홍어,목포,3미,S/P,"1,560.9",1.0,"6,500","4,000","5,600",2024,12
(선)홍어,방어진,3미,kg,6.5,1.0,"5,500","5,500","5,500",2024,12
(선)홍어,목포,24미,S/P,114.5,1.0,"5,500","5,500","5,500",2024,12
(선)홍어,방어진,1미,S/P,491.6,1.0,"6,500","4,500","5,300",2024,12
(선)홍어,목포,8미,S/P,"2,005.7",1.0,"6,000","4,800","5,200",2024,12
(선)홍어,태안,4/5미,kg,264,1.0,"4,000","3,500","3,800",2024,12
(선)홍어,태안,2미,S/P,225,1.0,"7,500","4,000","5,300",2024,12
(선)홍어,목포,35미,kg,"1,058.8",1.0,"7,000","7,000","7,000",2024,12
(선)홍어,방어진,5미,kg,83.4,1.0,"3,700","3,700","3,700",2024,12
(선)홍어,목포,4미,S/P,"1,464",1.0,"5,800","5,000","5,400",2024,12
(선)홍어,안흥,4/5미,S/P,109.6,1.0,"4,500","4,500","4,500",2024,12
(선)홍어,군산,대,kg,24.2,1.0,"7,000","5,000","5,500",2024,12
(선)홍어,태안,2미,kg,207.4,1.0,"6,000","3,000","4,700",2024,12
(선)홍어,목포,12미,kg,110,1.0,"8,500","8,500","8,500",2024,12
(선)홍어,목포,21미,kg,170.6,1.0,"7,000","4,500","6,800",2024,12
(선)홍어,군산,1미,kg,35.6,1.0,"9,000","4,500","7,300",2024,12
(선)홍어,군산,5미,kg,28.6,1.0,"7,000","7,000","7,000",2024,12
(선)홍어,서산,2미,kg,79,1.0,"5,000","5,000","5,000",2024,12
(선)홍어,안흥,3미,S/P,43.8,1.0,"6,500","6,500","6,500",2024,12
(선)홍어,안흥,2미,S/P,5,18.0,"117,000","90,000","106,200",2024,12
(선)홍어,목포,12미,S/P,470.6,1.0,"5,500","5,500","5,500",2024,12
(선)홍어,서천,3미,kg,9.5,1.0,"4,000","4,000","4,000",2024,12
(선)홍어,목포,6미,S/P,26.3,1.0,"5,500","5,500","5,500",2024,12
(선)홍어,군산,6미,S/P,5,20.0,"100,000","90,000","96,000",2024,12
(선)홍어,방어진,5미,S/P,120,1.0,"5,000","4,000","4,600",2024,12
(선)홍어,태안,3미,kg,173,1.0,"7,500","2,500","5,300",2024,12
(선)홍어,목포,2미,kg,43.3,1.0,"7,000","7,000","7,000",2024,12
(선)홍어,안흥,1미,S/P,1,8.0,"56,000","56,000","56,000",2024,12
(선)홍어,방어진,4미,S/P,25,1.0,"7,000","7,000","7,000",2024,12
(선)홍어,목포,1미,S/P,"4,711.8",1.0,"8,000","4,500","5,500",2024,12
(선)홍어,군산,5미,S/P,167.4,1.0,"7,500","2,500","5,700",2024,12
(선)홍어,군산,5/6미,S/P,15,1.0,"5,000","5,000","5,000",2024,12
(선)홍어,태안,8미,S/P,5,20.0,"90,000","90,000","90,000",2024,12
(선)홍어,방어진,3미,S/P,20.7,15.0,"6,000","6,000","6,000",2024,12
(선)홍어,안흥,2미,S/P,3,17.0,"110,500","110,500","110,500",2024,12
(선)홍어,군산,대,S/P,196,1.0,"8,000","6,000","6,500",2024,12
(선)홍어,방어진,3미,S/P,156.7,1.0,"4,000","3,300","3,400",2024,12
(선)홍어,태안,8/9미,S/P,3,20.0,"100,000","100,000","100,000",2024,12
(선)홍어,태안,8미,kg,20,1.0,"4,500","4,500","4,500",2024,12
(선)홍어,안흥,2미,S/P,3,19.0,"114,000","95,000","107,700",2024,12
(선)홍어,목포,중,S/P,378.4,1.0,"8,500","8,000","8,300",2024,12
(선)홍어,목포,5미,kg,"1,461.2",1.0,"7,000","5,000","6,000",2024,12
(선)홍어,안흥,4미,kg,165,1.0,"6,000","3,000","3,500",2024,12
(선)홍어,목포,대,S/P,"1,016",1.0,"8,000","5,500","5,700",2024,12
(선)홍어,안흥,5미,kg,857,1.0,"4,500","3,000","3,500",2024,12
(선)홍어,방어진,2미,S/P,44.2,1.0,"10,000","4,500","7,700",2024,12
(선)홍어,방어진,대,S/P,516,1.0,"20,000","3,000","6,200",2024,12
(선)홍어,방어진,중,S/P,7.6,1.0,"10,500","10,500","10,500",2024,12
(선)홍어,목포,6미,kg,"1,617.8",1.0,"8,500","7,500","7,800",2024,12
(선)홍어,방어진,2미,kg,97.1,1.0,"8,000","3,500","5,700",2024,12
(선)홍어,안흥,1미,S/P,526.7,1.0,"9,000","4,000","7,200",2024,12
(선)홍어,목포,20미,kg,"1,033.2",1.0,"7,000","6,500","6,600",2024,12
(선)홍어,군산,6/7미,S/P,60,1.0,"5,000","5,000","5,000",2024,12
(선)홍어,군산,11/12미,kg,100,1.0,"4,500","4,500","4,500",2024,12
(선)홍어,방어진,대,kg,208.7,1.0,"10,000","5,000","7,200",2024,12
(선)홍어,안흥,3미,S/P,1,24.0,"156,000","156,000","156,000",2024,12
(선)홍어,목포,8미,kg,80.5,1.0,"8,500","5,000","7,300",2024,12
(선)홍어,서산,1미,kg,92.2,1.0,"7,000","5,500","6,200",2024,12
(선)홍어,군산,10미,kg,84.5,1.0,"6,000","3,500","4,200",2024,12
(선)홍어,안흥,3미,kg,644,1.0,"7,000","3,500","4,800",2024,12
(선)홍어,안흥,3미,S/P,1,22.0,"132,000","132,000","132,000",2024,12
(선)홍어,목포,16미,kg,535.4,1.0,"8,500","8,500","8,500",2024,12
(선)홍어,안흥,10/11미,kg,14.8,1.0,"4,000","4,000","4,000",2024,12
(선)홍어,강화,대,S/P,95.6,1.0,"12,000","11,000","11,100",2024,12
(선)홍어,안흥,3미,S/P,1,21.0,"105,000","105,000","105,000",2024,12
(선)홍어,태안,5/10미,kg,752.2,1.0,"5,500","4,000","4,300",2024,12
(선)홍어,태안,1미,kg,"2,790.1",1.0,"9,000","2,500","5,600",2024,12
(선)홍어,서천,중,kg,129.2,1.0,"10,000","4,000","8,100",2024,12
(선)홍어,안흥,4미,S/P,1,28.0,"182,000","182,000","182,000",2024,12
(선)홍어,목포,14미,kg,51.2,1.0,"7,000","7,000","7,000",2024,12
(선)홍어,안흥,3/4미,kg,366.4,1.0,"6,300","4,000","4,400",2024,12
(선)홍어,목포,7미,S/P,"3,111.5",1.0,"6,000","4,000","5,300",2024,12
(선)홍어,서천,1미,kg,16.7,1.0,"6,000","3,000","4,000",2024,12
(선)홍어,안흥,중,kg,"1,062.1",1.0,"12,000","6,000","8,400",2024,12
(선)홍어,군산,10미,S/P,4,15.0,"78,000","78,000","78,000",2024,12
(선)홍어,안흥,2/3미,S/P,91.8,1.0,"8,000","7,000","7,600",2024,12
(선)홍어,안흥,2미,S/P,1,23.0,"138,000","138,000","138,000",2024,12
(선)홍어,목포,9미,kg,24,1.0,"5,000","5,000","5,000",2024,12
(선)홍어,방어진,1미,kg,9.4,1.0,"8,500","8,500","8,500",2024,12
(선)홍어,인천,중,kg,127.3,1.0,"5,000","4,500","4,800",2024,12
(선)홍어,안흥,5/6미,kg,638.3,1.0,"3,500","3,000","3,100",2024,12
(선)홍어,방어진,6미,kg,49,1.0,"4,000","4,000","4,000",2024,12
(선)홍어,안흥,대,S/P,207.8,1.0,"15,000","4,000","9,200",2024,12
